ticker,name,sector,industry,market_cap,metric_used,cagr_5yr,years_positive,yoy_sequence,implied_growth,finviz_5yr,gap,debt_equity,business_summary,reasons_skipped,current_price
HIPO,Hippo Holdings Inc.,Financial Services,Insurance - Property & Casualty,896447296.0,Revenue,0.5546424301264159,5/5,"(+77,+31,+75,+77,+26)",0.021114503480159197,,0.5335279266462567,0.10888999999999999,"Hippo Holdings Inc., together with its subsidiaries, provides property and casualty insurance products to individuals and business customers primarily in the United States. The company provides a multi-carrier platform through owned and partner managing general agents (MGAs), serving as a licensed insurance carrier for MGAs and providing admitted and non-admitted (excess and surplus) paper, regulatory licenses, and reinsurance across multiple lines of business. The company also offers insurance products, including homeowners, renters, commercial multi-peril, casualty, and other specialty insur",,33.97
OSG,"Octave Specialty Group, Inc.",Financial Services,Insurance - Specialty,208137872.0,Revenue,0.5324261849075578,4/4,"(+18,+67,+79,+56)",0.033971887356137875,,0.4984542975514199,0.15311,"Octave Specialty Group, Inc., an insurance holding company, primarily engages in the specialty property and casualty insurance business in the United States and the United Kingdom. It operates in two segments, Specialty Property and Casualty Insurance; and Insurance Distribution. The Specialty Property and Casualty Insurance segment provides specialty property and casualty program insurance with a focus on commercial and personal liability risks. The Insurance Distribution segment offers property, niche specialty risk, accident and health, miscellaneous specialty, reinsurance, surety, marine a",,4.62
CMCL,Caledonia Mining Corporation Pl,Basic Materials,Gold,459208160.0,EPS,0.4932155477661502,1/2,"(-128,?,+210)",0.014680914974942505,,0.47853463279120767,0.36113,"Caledonia Mining Corporation Plc engages in the exploration, development, and production of gold in Zimbabwe. The company is also involved in the exploration and development of mineral properties for precious metals. It owns a 64% stake in the gold-producing Blanket Mine, 100% stake in the Bilboes Sulphide Project, and the Motapa and Maligreen gold mining claims in Zimbabwe. The company was incorporated in 1992 and is headquartered in Saint Helier, Jersey.",,23.75
TGE,The Generation Essentials Group,Financial Services,Asset Management,52337960.0,Revenue,0.4384201738145288,2/3,"(+340,-37,+7)",-0.03842877555743662,,0.4768489493719654,0.48571,"The Generation Essentials Group, a media and entertainment ecosystem, engages in the fashion, arts, lifestyle, cultural, entertainment, hospitality, and F&B businesses in China, Hong Kong, Europe, America, and Southeast Asia. It operates in three segments: Media and Entertainment; Hotel Operation, Hospitality and VIP Services; and Strategic Investment. The Media and Entertainment segment engages in the provision of print and digital advertising campaigns; licensing; subscriptions; sales of magazines and newspapers; and value-added marketing services, including branded content, video production",,1.08
BRW,187480,Financial Services,Asset Management,300280512.0,EPS,0.5014231507587592,1/2,"(-162,?,+22)",0.02616457417037754,,0.47525857658838166,0.13358,"Saba Capital Income & Opportunities Fund is a closed-ended balanced mutual fund launched by Voya Investment Management LLC. The fund is managed by Saba Capital Management, L.P. It invests in public equity and fixed income markets of the United States. The fund seeks to invest in securities of companies operating across diversified sectors. It primarily invests in floating rate secured senior loans, with an emphasis on top-tier, non-investment grade senior loans. The fund seeks to invest in loans with maturities of one to ten years. It benchmarks the performance of its portfolio against the S&P",,5.9
ABTC,American Bitcoin Corp.,Financial Services,Capital Markets,562896384.0,Revenue,0.7124646728336745,4/5,"(+40,-41,+521,+10,+159)",0.23876899974442045,,0.4736956730892541,0.30524,"American Bitcoin Corp., a Bitcoin accumulation platform company, focuses on building a Bitcoin infrastructure platform. The company is engaged in the operation of application-specific integrated circuit miners for the purpose of mining Bitcoin and the strategic accumulation of a Bitcoin reserve. The company is based in Miami, Florida. American Bitcoin Corp. operates as a subsidiary of Hut 8 Corp.",,7.73
PAL,"Proficient Auto Logistics, Inc.",Industrials,Integrated Freight & Logistics,100429464.0,Revenue,0.48984112758536713,3/3,"(+4,+77,+79)",0.0191021086373242,,0.47073901894804293,0.27178,"Proficient Auto Logistics, Inc. provides auto transportation and logistics services in North America. The company operates through Company Drivers and Subhaulers segments. It primarily focuses on transporting and delivering finished vehicles from automotive production facilities, marine ports of entry, and rail yards to auto dealerships. The company also owns and operates approximately 800 auto transport vehicles and trailers. It serves auto companies, electric vehicle producers, auto dealers, auto auctions, rental car companies, and auto leasing companies. The company was formerly known as AH",,3.58
MTA,Metalla Royalty & Streaming Ltd,Basic Materials,Other Precious Metals & Mining,819958848.0,Revenue,0.6944337514616572,3/3,"(+90,+28,+100)",0.24167255914009966,,0.45276119232155754,0.05738000000000001,"Metalla Royalty & Streaming Ltd., a precious metals royalty and streaming company, engages in the acquisition and management of gold, silver, copper royalties, streams, and related production-based interests in Canada. The company operates in Australia, Brazil, Mexico, and the United States. The company was formerly known as Excalibur Resources Ltd. and changed its name to Metalla Royalty & Streaming Ltd. in December 2016. Metalla Royalty & Streaming Ltd. was incorporated in 1983 and is headquartered in Vancouver, Canada.",,8.77
TTGT,"TechTarget, Inc.",Technology,Information Technology Services,284990656.0,Revenue,0.3517292520232449,3/3,"(+28,+13,+71)",-0.027861488370868548,,0.37959074039411345,0.25976,"TechTarget, Inc. provides sales and support of purchase intent-driven advertising campaigns in North America, the United Kingdom, and internationally. The company offers intelligence and advisory solutions, such as research and intelligence services to technology providers based on analysis and data-driven intelligence and reports under the Omdia brand; and advisory services based on its sector-specialist analysts and data-driven market intelligence. It also provides brand and content solutions, including editorial, data-driven brand products, and content marketing services for brand marketers",,3.94
LNZA,"LanzaTech Global, Inc.",Industrials,Waste Management,80236568.0,Revenue,0.14355844001065,2/3,"(+68,-21,+13)",-0.235836180631807,,0.379394620642457,0.11051,"LanzaTech Global, Inc. operates as a nature-based carbon refining company in North America, Europe, the Middle East, Africa, and Asia. It develops technology that transforms waste carbon into chemical building blocks for transportation fuels, household cleaners, packaging materials, fibers for clothing, and fragrances. The company's gas fermentation technology platform converts waste carbon gases into ethanol and its derivative products. It also provides techno-economic feasibility studies; basic engineering design services for commercial plants; and biotechnology research and development serv",,6.13
BANX,StoneCastle Financial Corp,Financial Services,Asset Management,190291616.0,EPS,0.48780231440679445,2/3,"(+279,-17,+5)",0.11505457328143942,,0.372747741125355,0.2005,"ArrowMark Financial Corp. is a closed-end balanced mutual fund launched and managed by ArrowMark Asset Management, LLC. It invests in public equity and fixed income markets of global region. For its equity portion, the fund invests in stocks of companies operating across financials, banks sectors. It invests in growth and value stocks of companies across diversified market capitalization. For its fixed income portion, the fund invests in debt and subordinated debt, structured notes and securities, regulatory capital securities which are rated below investment grade. ArrowMark Financial Corp. w",,19.64
CAAS,"China Automotive Systems, Inc.",Consumer Cyclical,Auto Parts,135164752.0,EPS,0.27197844328075327,2/3,"(+81,-21,+43)",-0.08208915861110189,,0.35406760189185515,0.15087,"China Automotive Systems, Inc., through its subsidiaries, manufactures and sells automotive systems and components in the People's Republic of China, the United States, and internationally. The company produces rack and pinion power steering gears for cars and light-duty vehicles; integral power steering gears for heavy-duty vehicles; power steering parts for light duty vehicles; sensor modules; automobile steering systems and columns; and automobile electronics and systems and parts. It also provides automotive motors and electromechanical integrated systems; polymer materials; and intelligen",,4.48
PED,Pedevco Corp.,Energy,Oil & Gas E&P,179043424.0,Revenue,0.41521977069341154,5/5,"(+97,+89,+2,+28,+16)",0.06490975968189083,,0.3503100110115207,0.42552,"PEDEVCO Corp., together with its subsidiaries, operates as an oil and gas company in the United States. It engages in the acquisition, exploration, development, and production of oil and natural gas assets. The company is headquartered in Houston, Texas.",,13.47
ALTI,"AlTi Global, Inc.",Financial Services,Asset Management,407012320.0,Revenue,0.35468410981958676,3/4,"(+2,+188,-10,+29)",0.010644153254382616,,0.34403995656520414,0.08737,"AlTi Global, Inc. provides wealth and asset management services in France, Hong Kong, Italy, Portugal, Singapore, Switzerland, the United Kingdom, the United States, the United Kingdom, and internationally. The company offers discretionary investment management and non-discretionary investment advisory services. Its trust services include creating or modifying trust instruments and acts as fiduciary. In addition, the company offers family office and administrative services comprising bookkeeping and back office, private foundation management and grant making, oversight of trust administration,",,2.61
JLHL,Julong Holding Limited,Industrials,Building Products & Equipment,97451992.0,EPS,0.4876172995203987,2/3,"(+156,-19,+59)",0.1456892753533927,,0.34192802416700596,0.12711,"Julong Holding Limited provides intelligent integrated services and solutions to various infrastructure projects in China. The company offers intelligent integrated solutions, such as intelligent security systems, fire protection systems, parking systems, toll collection systems, broadcasting systems, identification systems, data room systems, emergency command systems, and city management systems. It engages in the design, procurement, installation, integration, and maintenance of the security, access control, and parking systems; installation, integration, and maintenance of the parking and ",,4.39
SRG,Seritage Growth Properties,Real Estate,Real Estate Services,90119376.0,Revenue,0.15681580660713745,4/5,"(+252,+137,+134,-90,+7)",-0.17742590859763108,,0.33424171520476853,0.172,"Seritage Growth Properties engages in ownership, development, redevelopment, management, sale, and leasing of real estate properties. Seritage Growth Properties was incorporated in 2015 and is based in New York, New York.",,1.6
OIA,Invesco Municipal Income Opport,Financial Services,Asset Management,274649408.0,EPS,0.49831460532227134,0/2,"(-845,?,-20)",0.16914922529144394,,0.3291653800308274,0.43479999999999996,"Invesco Municipal Income Opportunities Trust is a closed-ended fixed income mutual fund launched by Invesco Ltd. The fund is co-managed by Invesco Advisers, Inc., INVESCO Asset Management Deutschland GmbH, INVESCO Asset Management Limited, INVESCO Asset Management (Japan) Limited, Invesco Hong Kong Limited, INVESCO Senior Secured Management, Inc., and Invesco Canada Ltd. It invests in the fixed income markets of the United States. The fund primarily invests in municipal bonds rated BB or better by Standard & Poor's or Ba or better by Moody's. It employs fundamental analysis with bottom-up secu",,5.73
YTRA,"Yatra Online, Inc.",Consumer Cyclical,Travel Services,58544612.0,Revenue,0.3807177308684029,3/3,"(+9,+90,+27)",0.053800391721039675,,0.3269173391473632,0.18355,"Yatra Online, Inc. operates as an online travel company in India and internationally. The company operates through Air Ticketing; Hotels and Packages; and Other Services segments. It offers travel-related services, including domestic and international air ticketing, bus ticketing, rail ticketing, cab bookings and ancillary services for leisure and business travelers, as well as hotels, homestays, and other accommodations. The company also provides visa facilitation, tours, sightseeing, shows, and events, as well as holiday packages. It offers its services through its mobile applications, websi",,0.9149
PGP,PIMCO Global StocksPLUS & Income Fund,Financial Services,Asset Management,95634000.0,Revenue,0.2889683070117881,3/3,"(+15,+59,+18)",-0.021576188809313446,,0.31054449582110155,0.20489999999999997,"PIMCO Global Stocksplus & Income Fund is a closed ended balanced mutual fund launched and managed by Allianz Global Investors Fund Management LLC. The fund is co-managed by Pacific Investment Management Company LLC. It invests in fixed income and public equity markets across the globe. The fund uses a long/short strategy to invest in securities by using financial derivatives such as options. It invests in mortgage-related, government, corporate and other debt securities of U.S. and non-U.S. issuers and emerging market bonds. The fund invests in investment grade securities with a low- to interm",,8.25
MPTI,"M-tron Industries, Inc.",Technology,Electronic Components,306991584.0,EPS,0.4516513419779591,3/4,"(+14,+91,+107,-1)",0.15968799024940572,,0.29196335172855337,0.111,"M-tron Industries, Inc. designs, manufactures, and markets frequency and spectrum control products to control the frequency and timing of signals in electronic circuits in the United States and internationally. The company provides radio frequency, microwave, and millimeter wave filters; cavity, crystal, ceramic, lumped element, and switched filters; high performance and high frequency oven-controlled crystal oscillators (OCXO), integrated phase-locked loops OCXOs, temperature-compensated crystal oscillators, voltage-controlled crystal oscillators, and low jitter and harsh environment oscillat",,70.63
TSSI,"TSS, Inc.",Technology,Information Technology Services,273724960.0,Revenue,0.4038659972104506,4/5,"(-39,+12,+78,+172,+66)",0.11677131691715359,,0.287094680293297,0.48278,"TSS, Inc. engages in the planning, design, deployment, maintenance, and refresh of end-user and enterprise systems in the United States. The company operates through three segments: Procurement, Facilities Management, and Systems Integration. The company offers IT equipment deployment services, including client products, enterprise products, clusters, and modular containers; and second-touch configuration services for OEM and end-user customers, such as adding software, hardware, or other features to end-user devices, bundling such devices with peripherals, pre-loading customer-determined appl",,9.7
RIGL,"Rigel Pharmaceuticals, Inc.",Healthcare,Biotechnology,916807744.0,Revenue,0.22059048586926688,3/5,"(+37,-19,-3,+53,+64)",-0.06376159167717144,,0.2843520775464383,0.09391,"Rigel Pharmaceuticals, Inc., a biotechnology company, develops and provides therapies that enhance the lives of patients with hematologic disorders and cancer in the United States. The company offers TAVALISSE, an oral spleen tyrosine kinase inhibitor for the treatment of adult patients with chronic immune thrombocytopenia; REZLIDHIA, a non-intensive monotherapy to treat adult patients with relapsed or refractory (R/R) acute myeloid leukemia (AML) with a susceptible isocitrate dehydrogenase-1 (IDH1) mutation as detected by an FDA-approved test; and GAVRETO, a once daily, small molecule, oral, ",,49.08
XFOR,"X4 Pharmaceuticals, Inc.",Healthcare,Biotechnology,288517024.0,Revenue,0.6355707544453195,1/2,"(-100,?,?,?,+1273)",0.3594722371861616,,0.2760985172591579,0.49676000000000003,"X4 Pharmaceuticals, Inc., a biopharmaceutical company, focuses on the research, development, and commercialization of novel therapeutics for the treatment of rare diseases of the immune system. It offers XOLREMDI, an orally small-molecule selective antagonist of chemokine receptor CXCR4, which is in phase 3 clinical trial for the treatment of patients with warts, hypogammaglobulinemia, infections, and myelokathexis syndrome. It has a license agreement with Abbisko Therapeutics Co Ltd. to manufacture and distribute XOLREMDI in mainland China, Taiwan, Hong Kong and Macau; Norgine to develop, man",,2.91
SELF,"Global Self Storage, Inc.",Real Estate,REIT - Specialty,55964960.0,EPS,0.43096908110525556,2/5,"(+1000,-42,+37,-27,-5)",0.15777101316009334,,0.2731980679451622,0.33513,"Global Self Storage is a self-administered and self-managed REIT that owns, operates, manages, acquires, and redevelops self-storage properties. The company's self-storage properties are designed to offer affordable, easily accessible and secure storage space for residential and commercial customers. Through its wholly owned subsidiaries, the company owns and/or manages 13 self-storage properties in Connecticut, Illinois, Indiana, New York, Ohio, Pennsylvania, South Carolina, and Oklahoma. Global Self Storage, Inc. was incorporated in 1983 in Maryland, USA.",,4.9
DUOT,"Duos Technologies Group, Inc.",Technology,Software - Application,226602000.0,Revenue,0.274393532015772,3/5,"(+3,+82,-50,-3,+271)",0.002640208587340931,,0.27175332342843106,0.459,"Duos Technologies Group, Inc. designs, develops, deploys, and operates intelligent technology solutions in North America. Its solutions include applications for real-time data acquisition and analysis, including the inspection and monitoring of fast-moving vehicles, as well as the deployment of distributed computing infrastructure and related services. The company is also involved in development and deployment of edge data center infrastructure and related hosting services; design and delivery of Artificial Intelligence (AI)-enabled technologies and analytics platforms; provision of technology",,7.2
RCS,"PIMCO Strategic Income Fund, In",Financial Services,Asset Management,238623840.0,Revenue,0.3102420928712186,2/3,"(+180,+2,-22)",0.045564454745756544,,0.2646776381254621,0.41141,"PIMCO Strategic Income Fund, Inc. is a closed-ended fixed income mutual fund launched and managed by Allianz Global Investors Fund Management LLC. The fund is co-managed by Pacific Investment Management Company LLC. It invests in fixed income markets across the globe. The fund primarily invests in government securities, including bonds issued or guaranteed by the United States or foreign governments, by their agencies, authorities or instrumentalities, or by supranational entities. It employs fundamental analysis with a focus on top down stock picking approach to create its portfolio. PIMCO St",,5.04
SMID,Smith-Midland Corporation,Basic Materials,Building Materials,118823176.0,EPS,0.35852728517048904,3/5,"(+184,-90,+0,+867,+63)",0.09689083635597107,,0.261636448814518,0.07391,"Smith-Midland Corporation invents, develops, manufactures, markets, leases, licenses, sells, and installs various precast concrete products and systems. The company offers SlenderWall lightweight construction panel, a lightweight exterior cladding used for the exterior walls of buildings; Sierra Wall that provides sound and sight barrier for use alongside highways around residential, industrial, and commercial properties; J-J Hooks highway safety barriers, which are used on roadways to separate lanes of traffic in construction work zone or traffic control purposes; and Easi-Set precast buildin",,22.4
SPT,"Sprout Social, Inc",Technology,Software - Application,666514304.0,Revenue,0.280413154916509,5/5,"(+41,+35,+31,+22,+13)",0.01936510103800937,,0.2610480538784996,0.20074999999999998,"Sprout Social, Inc. designs, develops, and operates a web-based social media management platform in the Americas, Europe, the Middle East, Africa, and the Asia Pacific. The company provides cloud software for social messaging, data and workflows in a unified system of record, intelligence, and action. It offers AI-powered solutions, such as publishing and scheduling, social customer care, reporting and analytics, social listening and business intelligence, reputation management, social commerce, influencer marketing, predictive media intelligence, employee advocacy, and automation and workflow",,11.0
NEOV,NeoVolta Inc.,Industrials,Electrical Equipment & Parts,154024576.0,Revenue,0.2254980738339316,2/5,"(-7,-23,-23,+219,+58)",-0.032632511621807025,,0.25813058545573864,0.2327,"NeoVolta Inc. engages in the design, manufacture, and sale of energy storage systems in the United States. The company provides NV14, NV24, NVPlus, and NV7600 energy storage systems, which stores and uses energy through batteries and an inverter at residential, commercial and industrial, and utility-scale customer products and markets; and NV16 kW AC. It markets and sells its products directly to certified solar installers and regional and national distributors. The company was founded in 2018 and is headquartered in Poway, California.",,2.61
ROOT,"Root, Inc.",Financial Services,Insurance - Property & Casualty,761183488.0,Revenue,0.34334333190673405,3/5,"(-0,-10,+46,+159,+29)",0.08575884532851319,,0.25758448657822086,0.44965000000000005,"Root, Inc. provides insurance products and services in the United States. The company offers automobile and renters insurance products primarily through websites, mobile applications, and partnership channels. Root, Inc. was incorporated in 2015 and is headquartered in Columbus, Ohio.",,49.13
IBEX,IBEX Limited,Technology,Information Technology Services,591164800.0,EPS,0.3454178886789476,5/5,"(+62,+45,+10,+28,+33)",0.08830003632974082,,0.2571178523492068,0.36682000000000003,"IBEX Limited provides end-to-end technology-enabled customer lifecycle experience solutions in the United States and internationally. The company's products and services portfolio includes ibex Connect that offers customer service, technical support, revenue generation, and other value-added outsourced back-office services through the CX model, which integrates voice, email, chat, SMS, social media, and other communication applications; ibex Digital, a customer acquisition solution that comprises digital marketing, e-commerce technology, and platform solutions; and Wave iX, an AI customer expe",,44.52
FBIO,"Fortress Biotech, Inc.",Healthcare,Biotechnology,71204368.0,Revenue,0.06767118006252337,4/5,"(+51,+10,+12,-32,+10)",-0.17336764014491668,,0.24103882020744005,0.25871,"Fortress Biotech, Inc., together with its subsidiaries, operates as a biopharmaceutical company in the United States and internationally. The company offers Emrosi, a minocycline hydrochloride extended-release capsule for the treatment of rosacea; Qbrexza a medicated cloth towelette for the treatment of axillary hyperhidrosis; Accutane, an oral isotretinoin drug for the treatment of severe recalcitrant nodular acne; Amzeeq, a minocycline topical foam for the treatment of lesions of non-nodular moderate to severe acne vulgaris; Zilxi, a minocycline topical foam for the treatment of lesions of r",,2.135
ELMD,"Electromed, Inc.",Healthcare,Medical Devices,229469392.0,EPS,0.36935457663989046,4/5,"(-4,+38,+61,+47,+53)",0.13098423646894797,,0.2383703401709425,0.246,"Electromed, Inc. develops, manufactures, markets, and sells airway clearance therapy and related products that apply high frequency chest wall oscillation (HFCWO) therapy in pulmonary care for patients in the United States and internationally. The company provides SmartVest airway clearance system for patients with compromised pulmonary functions, including bronchiectasis and cystic fibrosis, as well as neuromuscular conditions, such as cerebral palsy, muscular dystrophies, amyotrophic lateral sclerosis, and post-surgical complications; SmartVest SQL System; SmartVest Clearway System that cons",,27.69
SMPL,The Simply Good Foods Company,Consumer Defensive,Packaged Foods,900331520.0,EPS,0.23852970009599228,4/5,"(+20,+157,+22,+5,-26)",0.0024520676691979215,,0.23607763242679436,0.31623999999999997,"The Simply Good Foods Company, a consumer-packaged food and beverage company, engages in the development, marketing, and sale of snacks and meal replacements, and other products in North America and internationally. The company offers protein bars, ready-to-drink beverages and shakes, sweet and salty snacks, cookies, muffins, protein chips and crackers, protein powders, and recipes under the Quest, Atkins, and OWYN brand names. It also provides confectionery products, such as peanut butter cups, brownies, caramel candy bites, chocolatey coated peanut candies, and caramel candy bars. In additio",,10.18
LGCY,Legacy Education Inc.,Consumer Defensive,Education & Training Services,131079416.0,EPS,0.3308485468568265,3/3,"(+89,+11,+12)",0.09724000741961891,,0.2336085394372076,0.29597999999999997,"Legacy Education Inc. provides education services to students, high school graduates, and working parents in the United States. The company offers degree programs, including Ultrasound Technician, Cardiac Sonography, and Vocational Nursing Associate of Applied Science degree, Associate Degree of Nursing; and diploma, avocational, and certificate programs, such as Clinical Medical Assisting, Dental Assisting, Medical Administrative Assisting, Medical Billing and Coding, Pharmacy Technician, Veterinary Assistant, Vocational Nursing, Phlebotomy Technician, Magnetic Resonance Imaging, Nursing Assi",,10.23
REI,"Ring Energy, Inc.",Energy,Oil & Gas E&P,341306848.0,Revenue,0.2213581446422297,4/5,"(+74,+77,+4,+1,-16)",-0.007603921341567288,,0.22896206598379698,0.48284,"Ring Energy, Inc., an independent oil and natural gas company, engages in the acquisition, exploration, development, and production of oil and natural gas properties. The company has interests in 74,717 net developed acres and 4,366 net undeveloped acres in Andrews, Gaines, Crane, Ector, Winkler, and Ward counties, Texas; and 8,833 net developed acres and 8,318 net undeveloped acres in Yoakum County, Texas and Lea County, New Mexico. It primarily sells its oil and natural gas production to end users, marketers, and other purchasers. The company was formerly known as Transglobal Mining Corp. an",,1.31
MAKO,Mako Mining Corp,Basic Materials,Gold,819991296.0,Revenue,0.3281349197905943,3/3,"(+4,+40,+61)",0.09967074596386616,,0.22846417382672812,0.21936,"Mako Mining Corp. engages in mineral exploration and exploitation activities in Nicaragua, the United States, and Guyana. The company explores for gold and silver deposits. Its primary asset is its 100%-owned San Albino mine comprising the San Albino and the Las Conchitas gold deposits, which consist of five mineral concessions covering an area of approximately 22,422 hectares located within the San Albino-Murra Property in Nueva Segovia, Nicaragua. The company was formerly known as Golden Reign Resources Ltd. and changed its name to Mako Mining Corp. in November 2018. Mako Mining Corp. was in",,9.36
LMB,"Limbach Holdings, Inc.",Industrials,Building Products & Equipment,611275136.0,EPS,0.3501250811220189,3/5,"(-8,-3,+175,+46,+26)",0.12645534508497924,,0.22366973603703966,0.29331,"Limbach Holdings, Inc. operates as a building systems solution company in the United States. The company operates through two segments, Owner Direct Relationships and General Contractor Relationships. It designs, delivers, and maintains mechanical, electrical, plumbing, and controls (MEPC) systems. It also provides professional and consultative services; inspection, troubleshooting, repair, and services; system and/or facility assessments; turnkey rental equipment solutions; MEPC infrastructure solutions; and customized solutions. The company serves research, acute care, and inpatient hospital",,51.26
GASS,"StealthGas, Inc.",Industrials,Marine Shipping,340539648.0,EPS,0.22142586629864125,2/3,"(+53,+38,-14)",-0.0017603511070961586,,0.2231862174057374,0.005,"StealthGas Inc., together with its subsidiaries, provides seaborne transportation services to liquefied petroleum gas (LPG) producers and users in Greece and internationally. The company's LPG carriers carry various petroleum gas products in liquefied form, including propane, butane, butadiene, isopropane, propylene, and vinyl chloride monomer, as well as ammonia. It also offers crude oil and natural gas. The company operates a fleet of 29 LPG carriers, including one JV vessel. StealthGas Inc. was incorporated in 2004 and is based in Athens, Greece.",,9.05
VITL,"Vital Farms, Inc.",Consumer Defensive,Farm Products,400551072.0,EPS,0.39765423754315843,3/5,"(-78,-50,+1867,+100,+22)",0.1836188351625343,,0.21403540238062413,0.38162,"Vital Farms, Inc., a food company, packages, markets, and distributes shell eggs, butter, and other products in the United States. The company produces products sourced from animals raised on family farms, including shell eggs, stick butter, hard-boiled eggs, and liquid whole eggs under the Vital Farms brand and other trade names. It offers its products through third parties and direct to retailers, and commercial and non-commercial foodservice operators. The company was founded in 2007 and is headquartered in Austin, Texas.",,9.33
QNST,"QuinStreet, Inc.",Communication Services,Advertising Agencies,900123904.0,EPS,0.2662863226519807,1/2,"(-123,?,?,?,+1650)",0.06415937623650203,,0.20212694641547868,0.24036000000000002,"QuinStreet, Inc., an online performance marketing company, provides customer acquisition services for its clients in the United States and internationally. The company provides online marketing services, such as qualified clicks, leads, calls, applications, and customers through its websites or third-party publishers to financial and home services industries. It also develops the QuinStreet Rating Platform product for insurance agents and the CloudControlMedia that provides performance marketing agency and technology services to clients in financial services, education, and other markets. The ",,15.73
SCOR,"comScore, Inc.",Technology,Software - Application,61192836.0,Revenue,0.0008036819299215292,3/5,"(+3,+3,-1,-4,+0)",-0.19853432604143584,,0.19933800797135737,0.052000000000000005,"comScore, Inc. operates as an information and analytics company that measures audiences, consumer behavior, and advertising across media platforms in the United States, Europe, Latin America, Canada, and internationally. It provides Comscore TVNational that helps customers understand the performance of network advertising campaigns; Comscore TVLocal allows customers to understand consumer viewing patterns and characteristics; Media Metrix Multi-Platform and Mobile Metrix, which measure websites and applications on computers, smartphones, and tablets; Video Metrix that delivers measurement of",,4.03
CHCI,"Comstock Holding Companies, Inc",Real Estate,Real Estate Services,192375312.0,Revenue,0.2282589944641753,5/5,"(+38,+26,+14,+15,+23)",0.02990359606843862,,0.19835539839573668,0.059820000000000005,"Comstock Holding Companies, Inc. operates as an asset manager, developer, and operator of mixed-use and transit-oriented properties in the United States. The company acquires, develops, operates, and sells residential, commercial, and mixed-use properties. It provides various asset and property management, development and construction management, leasing and marketing services, acquisition and disposition, asset recapitalization, designing services comprising planning and entitlements, investment consultation and execution, and various other property-specific services to its asset-owning clien",,18.71
FTK,"Flotek Industries, Inc.",Energy,Oil & Gas Equipment & Services,970345280.0,Revenue,0.34883769033375756,3/5,"(-25,+243,+38,-1,+27)",0.15936984848978142,,0.18946784184397614,0.44259,"Flotek Industries, Inc. operates as a chemical and data analytics company in the United States, the United Arab Emirates, and internationally. It operates in two segments, Chemistry Technologies (CT) and Data Analytics (DA). The CT segment offers chemistry solutions, such as proprietary chemistries, specialty chemistries, logistics, and technology services for desired chemical applications program to integrated oil and gas companies, oilfield services companies, independent oil and gas companies, national and state-owned oil companies, geothermal energy companies, solar energy companies, and a",,26.79
GLAS,Glass House Brands Inc. Subordi,Healthcare,Drug Manufacturers - Specialty & Generic,401473088.0,Revenue,0.289494593819946,2/3,"(+89,+25,-9)",0.11835533331060044,,0.17113926050934558,0.43794,"Glass House Brands Inc., together with its subsidiaries, operates as an integrated cannabis company in the United States. It operates through three segments: Retail; Wholesale Biomass; and Cannabis-Related Consumer Packaged Goods. The Retail segment owns, and operates retail cannabis stores, and dispensary operation management services. The Wholesale Biomass segment includes propagation, nursery, flowering canopy, dries, processes, and distributes cannabis biomass. The Cannabis-Related Consumer Packaged Goods segment manufactures, extracts, infuse, conversion, packaging, and distributes cannab",,4.26
LWAY,"Lifeway Foods, Inc.",Consumer Defensive,Packaged Foods,334765504.0,EPS,0.33485515308210534,2/5,"(+0,-71,+1150,-20,+48)",0.17619610412117548,,0.15865904896092986,0.26564,"Lifeway Foods, Inc. produces and markets probiotic-based products in North America. The company's primary product is drinkable kefir, a cultured dairy product in various organic and non-organic sizes, flavors, and milk types. It offers European-style soft cheeses, including farmer and white cheeses, and sweet kiss; cream and other products; drinkable yogurt; ProBugs, a line of kefir products designed for children; and Fresh Made butter and sour cream. The company sells its products under the Lifeway, Fresh Made, and GlenOaks Farms brand names, as well as under private labels on behalf of custo",,22.16
BSIN,Big Sky Industrial Inc.,Energy,Oil & Gas E&P,76640408.0,Revenue,0.25840874888698706,2/5,"(+186,+569,-27,-36,-64)",0.10200908805151365,,0.1563996608354734,0.12992,"Big Sky Industrial Inc., an independent energy company, focuses on the acquisition, exploration, and development of industrial gas, and oil and natural gas properties in the continental United States. The company's principal properties and operations are located in the Rockies region, including Montana and Wyoming; the Mid-Continent region comprising Oklahoma, and North and East Texas; West Texas; South Texas; and the Gulf Coast regions. The company was formerly known as U.S. Energy Corp. and changed its name to Big Sky Industrial Inc. in June 2026. Big Sky Industrial Inc. was incorporated in ",,1.46
TATT,TAT Technologies Ltd.,Industrials,Aerospace & Defense,440506848.0,Revenue,0.2816537803346757,3/3,"(+35,+34,+17)",0.12838084424886387,,0.15327293608581183,0.08825,"TAT Technologies Ltd., together with its subsidiaries, provides solutions and services to the commercial and military aerospace and ground defense industries in the United States, Israel, and internationally. The company operates through four segments: Original Equipment Manufacturing (OEM) of Heat Transfer Solutions and Aviation Accessories; Maintenance, Repair, and Overhaul (MRO) Services for Heat Transfer Components and OEM of Heat Transfer Solutions; MRO Services for Aviation Components; and Overhaul and Coating of Jet Engine Components. It designs, develops, and manufactures various heat ",,33.89
HTD,John Hancock Tax Advantaged Div,Financial Services,Asset Management,803239424.0,EPS,0.1276338984059564,0/1,"(-115,?,?)",-0.020409064254273357,,0.14804296266022976,0.43759,"John Hancock Tax-Advantaged Dividend Income Fund is a closed ended equity mutual fund launched and managed by John Hancock Investment Management LLC. It is co-managed by John Hancock Asset Management and Analytic Investors, LLC. The fund invests in the public equity markets of the United States. It seeks to invest in stocks of companies operating across diversified sectors, with an emphasis on the utilities sector. The fund primarily invests in dividend-paying common and preferred stocks of companies which have dividends that qualify for a more favorable long-term capital gains tax rate. It in",,22.67
BNC,BNB Standard Corporation,Industrials,Farm & Heavy Construction Machinery,256546576.0,Revenue,-0.28709635150768,1/5,"(-44,+60,-17,-39,-59)",-0.4329965383171006,,0.14590018680942063,0.06402000000000001,"CEA Industries Inc. operates as the digital asset treasury company in the United States and Canada. It operates through two segments: BNB Treasury Management and Retail and Industry. The company builds and manages corporate treasury of BNB to provide institutional-grade exposure to blockchain infrastructure and decentralized finance. It is also involved in the designing, engineering, and selling of industrial climate control systems for the controlled environment agriculture industry; and provides engineering and technical services. In addition, the company offers a range of service solutions ",,5.26
ESEA,Euroseas Ltd.,Industrials,Marine Shipping,502625312.0,EPS,0.10082842989247198,2/3,"(+12,-2,+21)",-0.043443473632188034,,0.14427190352466002,0.39421,"Euroseas Ltd. provides ocean-going transportation services in Greece and internationally. The company owns and operates containerships that transport dry and refrigerated containerized cargoes, including manufactured products and perishables. As of April 15, 2026, it had a fleet of 21 containerships, including 15 Feeder containerships and 6 Intermediate containerships with a cargo of 61,144 TEU. Euroseas Ltd. is based in Marousi, Greece.",,71.24
CINT,CI&T Inc,Technology,Software - Infrastructure,395485024.0,EPS,0.19941894767358015,2/3,"(+11,-4,+61)",0.06234388684341985,,0.1370750608301603,0.44136000000000003,"CI&T Inc., together with its subsidiaries, provides strategy, design, and software engineering services in North America, Europe, Latin America, Asia Pacific, and worldwide. It is also involved in the development of customizable software through the implementation of software solutions, including machine learning, artificial intelligence, data analytics, cloud migration, and mobility technologies. The company offers business and digital strategy, working closely with clients to understand strategic objectives, organizational constraints, and market dynamics; customer-centered experience and de",,3.09
PNRG,PrimeEnergy Resources Corporati,Energy,Oil & Gas E&P,340053248.0,Revenue,0.2647435053495384,3/5,"(+24,+117,-15,+79,-20)",0.12790886048547456,,0.13683464486406383,0.278,"PrimeEnergy Resources Corporation, through its subsidiaries, engages in acquisition, development, and production of oil and natural gas properties in the United States. The company owns leasehold, mineral, and royalty interests in producing and non-producing oil and gas properties; and operates wells and owns non-operating interests and royalties. It also acquires producing oil and gas properties through joint ventures with industry partners; and provides contract services to third parties, including well-servicing support operations, site-preparation, and construction services for oil and gas",,214.87
BOOM,DMC Global Inc.,Industrials,Conglomerates,116261760.0,Revenue,0.21622811786359497,3/5,"(+14,+151,+10,-11,-5)",0.08030196389586397,,0.135926153967731,0.24552,"DMC Global Inc. provides various products and engineered solutions for the construction, energy, and industrial processing markets worldwide. It operates through three segments: Arcadia Products, DynaEnergetics, and NobelClad. The Arcadia Products segment offers designed, engineered, fabricated, and finished aluminum framing systems, windows, curtain walls, storefronts, entrance systems, and other architectural components for use in commercial exteriors; and interior framing and partitions comprising framing systems, aluminum doors, sliding systems, and glazing systems. This segment also provi",,5.66
SPCB,"SuperCom, Ltd.",Industrials,Security & Protection Services,57214916.0,Revenue,0.1648605670753307,3/3,"(+51,+4,+1)",0.031997721548741254,,0.13286284552658945,0.48455,"SuperCom Ltd. provides traditional and digital identity, Internet of Things (IoT) and connectivity, and cyber security products and solutions in Africa, Europe, South and center America, the United States, Israel, and Asia Pacific. The company operates in three segments: e-Gov, IoT and Connectivity, and Cyber Security. It offers national ID registries, e-passports, biometric visas, automated fingerprint identification systems, digitized driver's licenses, and electronic voter registration and election management using MAGNA platform. The company also provides PureRF suite, a solution based on ",,9.11
VRTS,"Virtus Investment Partners, Inc",Financial Services,Asset Management,869029376.0,EPS,0.14789474752568088,3/5,"(+160,-40,+14,-5,+18)",0.02389303355344441,,0.12400171397223647,0.44522,"Virtus Investment Partners, Inc. is a publicly owned investment manager. The firm primarily provides its services to individual and institutional clients. It launches separate client focused equity and fixed income portfolios. The firm launches equity, fixed income, and balanced mutual funds for its clients. It invests in the public equity, fixed income, and real estate markets. The firm also invests in exchange traded funds. It employs a multi manager approach for its products. The firm employs quantitative analysis to make its investments. It benchmarks the performance of its portfolios agai",,131.22
GENC,"Gencor Industries, Inc.",Industrials,Farm & Heavy Construction Machinery,264571504.0,EPS,0.2300422703685352,2/4,"(+3,-108,?,-1,+8)",0.11117604722388141,,0.11886622314465378,0.028,"Gencor Industries, Inc., together with its subsidiaries, engages in the design, manufacture, and sale of heavy machinery used in the production of highway construction materials and environmental control equipment. The company offers hot-mix asphalt plants, hot-mix storage silos, fabric filtration systems, cold feed bins, and other plant components, as well as counter flow drum mix technology and batch plants. It also provides combustion systems for rotary dryers, kilns, fume and liquid incinerators, and fuel heaters; Hy-Way Heat and beverley lines of thermal fluid heat transfer systems, and s",,18.05
ASUR,Asure Software Inc,Technology,Software - Application,211974272.0,Revenue,0.13355422448464016,4/5,"(+15,-10,+16,+26,+24)",0.014704435486668332,,0.11884978899797183,0.37862,"Asure Software, Inc. engages in the provision of cloud-based Human Capital Management (HCM) software solutions in the United States. It provides its human resources (HR) tool as Software-as-a-Service that helps various small and medium-sized businesses to build a productive workforce to help them stay compliant and allocate resources to grow their business. The company offers a comprehensive suite of HCM tools through its Asure HCM platform, which includes payroll and tax filing, HR management tools, time and attendance software, recruiting, and benefits administration. It provides technology-",,7.34
PDEX,"Pro-Dex, Inc.",Healthcare,Medical Instruments & Supplies,202044800.0,EPS,0.21282883210888492,3/5,"(-23,+61,-69,+345,+54)",0.0949766575018085,,0.11785217460707642,0.39767,"Pro-Dex, Inc. designs, develops, manufactures, and repairs powered surgical instruments for medical device original equipment manufacturers worldwide. It offers autoclavable, battery-powered and electric, and multi-function surgical drivers and shavers that are primarily used in the orthopedic, thoracic, and craniomaxillofacial markets. The company also provides engineering, quality, and regulatory consulting services; manufactures and sells rotary air motors to various industries; and precision machined parts and assemblies for the aerospace and defense industries. Its products are used in ho",,62.49
SCD,LMP Capital and Income Fund Inc,Financial Services,Asset Management,340846272.0,EPS,0.10016325718581665,1/2,"(-105,?,+245)",-0.016815853884300735,,0.11697911107011738,0.26545,"LMP Capital and Income Fund Inc. is a closed ended balanced mutual fund launched and managed by Legg Mason Partners Fund Advisor, LLC. It is co-managed by Clearbridge Investments, LLC, Western Asset Management Company Limited, and Western Asset Management Company. The fund invests in public equity and fixed income markets across the globe. It seeks to invest in securities of companies operating across diversified sectors. The fund primarily invests in stocks of large-cap companies, intermediate period corporate bonds and notes rated at least A-, energy and non-energy master limited partnership",,14.88
USIO,"Usio, Inc.",Technology,Software - Infrastructure,79217248.0,Revenue,0.21499429152257732,4/5,"(+92,+12,+21,-1,+3)",0.10285179468593397,,0.11214249683664335,0.24553,"Usio, Inc., together with its subsidiaries, provides integrated electronic payment processing services to merchants and businesses in the United States. The company offers various types of automated clearing house (ACH) processing for fund transfers; and credit, prepaid card, and debit card-based processing services. Its ACH transaction processing services includes represented check and check conversion for electronic payment facilitation. In addition, the company offers integrated electronic payment processing services to merchants and businesses, including credit, and debit card-based proces",,2.78
NCMI,"National CineMedia, Inc.",Communication Services,Advertising Agencies,199429328.0,Revenue,0.2188746030924722,4/5,"(+27,+117,-34,+46,+1)",0.11099995283303565,,0.10787465025943654,0.06551,"National CineMedia, Inc., through its subsidiary, National CineMedia, LLC, operates cinema advertising network in North America. The company engages in the sale of advertising to national, regional, and local businesses in Noovie, a cinema advertising and entertainment show seen on movie screens; and sells advertising on its Lobby Entertainment Network, a series of strategically placed screens located in movie theater lobbies, as well as other forms of advertising and promotions in theatre lobbies. It also sells digital advertising, including through NCM Boost, a data, insights and analytics p",,2.12
ULBI,Ultralife Corporation,Industrials,Electrical Equipment & Parts,104312064.0,Revenue,0.12156934875462566,4/5,"(-9,+34,+20,+4,+16)",0.016786670002675974,,0.10478267875194969,0.35829,"Ultralife Corporation, together with its subsidiaries, designs, manufactures, installs, and maintains power, and communication and electronics systems worldwide. The company operates in two segments, Battery & Energy Products and Communications Systems. The Battery & Energy Products segment offers lithium 9-volt, cylindrical, thin lithium manganese dioxide, rechargeable, and other non-rechargeable batteries; lithium-ion cells, multi-kilowatt module lithium-ion battery systems, and uninterruptable power supplies; and rugged military and commercial battery charging systems and accessories, inclu",,6.26
ELA,Envela Corporation,Consumer Cyclical,Luxury Goods,310003904.0,EPS,0.18466445254224406,3/5,"(+54,+57,-53,-4,+115)",0.08700680021548024,,0.09765765232676382,0.24225000000000002,"Envela Corporation, together with its subsidiaries, provides recommerce and recycling services in the United States. It operates in two segments, Consumer and Commercial. The company is involved in the online and brick-and-mortar sale of authenticated high-end luxury goods, including fine jewelry, diamonds and gemstones, luxury watches, and secondary market bullion. It also offers precious metal products. In addition, it provides end-of-life management of IT assets comprising data destruction, asset refurbishment, and remarketing; and detailed asset disposition data services. The company was f",,11.94
VIRC,Virco Manufacturing Corporation,Consumer Cyclical,"Furnishings, Fixtures & Appliances",102149520.0,Revenue,0.05495249709192729,3/5,"(+21,+25,+16,-1,-25)",-0.042648236267980866,,0.09760073335990815,0.33527999999999997,"Virco Mfg. Corporation engages in the design, production, and distribution of furniture in the United States and Canada. The company offers seating products, including 4-leg chairs, cantilever chairs, mobile task chairs and lab stools, tablet armchairs, steel-frame and floor rockers, series stools, hard plastic seating, folding and upholstered stack chairs, and plastic stack and upholstered ergonomic chairs. It also provides activity, butcher block, folding, office, technology, mobile tables, mobile storage equipment, and student and teacher desks; desks and workstations and instructor media s",,6.48
EMPD,Empery Digital Inc.,Consumer Cyclical,Recreational Vehicles,90890000.0,Revenue,0.2140338170475511,2/4,"(+913,-28,+22,-76)",0.11908029365914419,,0.0949535233884069,0.48997999999999997,"Empery Digital Inc. engages in digital asset treasury business in the United States. The company was formerly known as Volcon, Inc. and changed its name to Empery Digital Inc. in July 2025. Empery Digital Inc. was incorporated in 2020 and is based in Round Rock, Texas.",,3.05
TYGO,"Tigo Energy, Inc.",Technology,Solar,68267184.0,Revenue,0.08382541414062183,2/3,"(+79,-63,+92)",-0.010310858452877936,,0.09413627259349977,0.14519,"Tigo Energy, Inc., together with its subsidiaries, provides solar and energy storage solutions worldwide. It offers module level power electronics (MLPEs) to maximize the energy output of individual solar modules for utility, commercial, and residential solar arrays. The company also provides GO Energy Storage Systems that provide solar energy storage management capabilities, and energy resilience in the event of a grid outage and optimizes energy consumption based on rate plans for home energy needs; and Energy Intelligence (EI) platform, which provides monitoring and energy demand forecastin",,0.8892
AIFU,AIFU Inc.,Financial Services,Insurance Brokers,71227496.0,EPS,0.22858597098120303,2/3,"(-61,+189,+64)",0.13574579992471092,,0.09284017105649212,0.07699,"AIFU Inc., through its subsidiary, distributes insurance products in China. The company provides life and health insurance products, such as individual whole life, individual health, individual annuity, individual term life, individual endowment life, and participating insurance products; and non-life insurance products primarily includes individual accident, travel, homeowner, indemnity medical, commercial property, cargo, hull, liability, construction and erection, and extended warranty insurance products. It also provides value-added services; elderly care services; healthcare services; and",,12.02
TLRY,"Tilray Brands, Inc.",Healthcare,Drug Manufacturers - Specialty & Generic,523167808.0,Revenue,0.12276648853636529,4/5,"(+22,-0,+26,+4,+11)",0.030927002101215573,,0.09183948643514972,0.23149,"Tilray Brands, Inc., a lifestyle consumer products company, engages in the research, cultivation, processing, and distribution of medical cannabis products in Canada, the United States, Europe, the Middle East, Africa, and internationally. The company operates through four segments: Beverage, Cannabis, Distribution, and Wellness. It also offers medical and adult-use cannabis products; resells and distributes pharmaceutical and wellness products; and produces, markets, and sells beverage products, and hemp-based food products. In addition, the company provides entertainment products. It offers ",,3.54
ORMP,Oramed Pharmaceuticals Inc.,Healthcare,Biotechnology,180116528.0,Revenue,-0.058464303727237654,2/5,"(+0,-0,+0,-50,+49)",-0.1494664765054038,,0.09100217277816613,0.231,"Oramed Pharmaceuticals Inc. engages in the research and development of pharmaceutical solutions with a technology platform for the oral delivery of therapeutic proteins. It develops ORMD-0801, an oral insulin capsule, which is in phase III clinical trial for the treatment of individuals with diabetes. The company has license agreements with Oravax Medical Inc. to commercialize oral vaccines for COVID-19. Oramed Pharmaceuticals Inc. was incorporated in 2002 and is headquartered in New York, New York.",,4.33
RNGR,"Ranger Energy Services, Inc.",Energy,Oil & Gas Equipment & Services,365600896.0,Revenue,0.2383473156990661,3/5,"(+56,+108,+5,-10,-4)",0.15142891178135454,,0.08691840391771155,0.16210000000000002,"Ranger Energy Services, Inc. provides onshore high specification well service rigs, wireline services, and complementary services to exploration and production companies in the United States. It operates through three segments: High Specification Rigs, Wireline Services, and Processing Solutions and Ancillary Services. The High Specification Rigs segment offers well service rigs and complementary equipment and services to facilitate operations throughout the lifecycle of a well; and well maintenance services. This segment has a fleet of 431 well service rigs. The Wireline Services segment prov",,15.42
ADTN,"ADTRAN Holdings, Inc.",Technology,Communication Equipment,607851328.0,Revenue,0.16432114731071712,4/5,"(+11,+82,+12,-20,+17)",0.07742487770566409,,0.08689626960505303,0.49659,"ADTRAN Holdings, Inc. provides networking and communications platforms, software, systems, and services in the United States, Germany, the United Kingdom, and internationally. It operates through two segments, Network Solutions, and Services & Support. It offers residential gateways; ethernet passive optical network ONUs; gigabit passive optical network/XGS-PON ONTs; routers, and switches; edge cloud; carrier ethernet network interface devices; Optical Line Terminals; Packet Aggregation, Copper Access, and Oscilloquartz; optical transport and engine solutions; infrastructure monitoring solutio",,7.46
HOUR,"Hour Loop, Inc.",Consumer Cyclical,Internet Retail,63007676.0,Revenue,0.2980302337421077,5/5,"(+62,+53,+38,+5,+3)",0.21410071851677537,,0.08392951522533232,0.46918,"Hour Loop, Inc., an online retailer, engages in e-commerce retailing business in the United States. It sells products in various categories, including home/garden décor, toys, kitchenware, apparel, and electronics. The company sells its products through hourloop.com, as well as third-party marketplaces, including Amazon, Walmart, eBay, and Etsy. Hour Loop, Inc. was founded in 2013 and is headquartered in Redmond, Washington.",,1.79
XPER,Xperi Inc.,Technology,Software - Application,254101200.0,Revenue,0.0356548905613745,3/5,"(+29,+3,+4,-5,-9)",-0.03780447514207197,,0.07345936570344647,0.15701,"Xperi Inc. operates as a media and entertainment technology company worldwide. It offers Pay-TV solutions, including user experience solutions servicing Pay-TV operators; and electronic program guides, including TV listings navigation plus integrated video-on-demand and digital video recorder, as well as integrates broadband internet-delivered video directly into the consumer's primary video consumption platform to provide universal search, discovery, and consumption regardless of where the content originates. The company also provides TiVo IPTV Service, a cloud-based solution to set-top-boxes",,5.21
TXO,"TXO Partners, L.P.",Energy,Oil & Gas E&P,791774720.0,Revenue,0.13429963201009776,2/4,"(+105,-20,-20,+27)",0.061358836808397044,,0.07294079520170071,0.41679,"TXO Partners, L.P., an oil and natural gas company, focuses on the acquisition, development, optimization, and exploitation of conventional oil, natural gas, and natural gas liquid reserves in North America. Its acreage positions are concentrated in the Permian Basin of West Texas and New Mexico; the San Juan Basin of New Mexico and Colorado; and the Williston Basin of Montana and North Dakota. TXO Partners, L.P. was formerly known as TXO Energy Partners, L.P. and changed its name to TXO Partners, L.P. in May 2023. The company was incorporated in 2012 and is based in Fort Worth, Texas.",,14.28
DSM,Dreyfus Strategic Municipal Bon,Financial Services,Asset Management,256040624.0,EPS,0.09696131048652368,1/2,"(-392,?,+247)",0.034626144501720635,,0.06233516598480304,0.3678,"BNY Mellon Strategic Municipal Bond Fund, Inc. is a closed ended fixed income mutual fund launched and managed by BNY Mellon Investment Adviser, Inc. The fund invests in the fixed income markets of the United States. It primarily invests in investment grade municipal bonds which are exempt from federal income tax. The fund seeks to maintain a weighted average maturity of greater than 10 years. It was formerly known as Dreyfus Strategic Municipal Bond Fund, Inc. BNY Mellon Strategic Municipal Bond Fund, Inc. was formed on November 22, 1989 and is domiciled in the United States.",,5.18
TBLA,Taboola.com Ltd.,Communication Services,Internet Content & Information,932036096.0,Revenue,0.09969143032842798,5/5,"(+16,+2,+3,+23,+8)",0.04025461994875279,,0.05943681037967519,0.16781,"Taboola.com Ltd., together with its subsidiaries, operates an artificial intelligence-based algorithmic engine platform in Israel, the United States, the United Kingdom, Germany, and internationally. It offers Taboola, which is a platform that partners with websites, devices, and mobile apps to recommend editorial content and advertisements on the open web. The company was incorporated in 2006 and is headquartered in New York, New York.",,3.45
FLXS,"Flexsteel Industries, Inc.",Consumer Cyclical,"Furnishings, Fixtures & Appliances",348493568.0,EPS,0.14457970852734103,3/5,"(-91,+879,-30,+86,+71)",0.0868906911793359,,0.057689017348005134,0.38875,"Flexsteel Industries, Inc., together with its subsidiaries, manufactures, distributes, imports, and markets residential furniture products in the United States. The company offers stationary and motion sofas; loveseats; chairs and sectionals; bedroom furniture; dining tables and chairs; occasional and entertainment tables; and kitchen storage. It distributes its products through its e-commerce channel and direct sales force. The company was founded in 1893 and is based in Dubuque, Iowa.",,85.17
SD,"SandRidge Energy, Inc.",Energy,Oil & Gas E&P,513122112.0,Revenue,0.06341315069746045,3/5,"(+47,+51,-42,-16,+25)",0.005857507397493356,,0.057555643299967096,0.266,"SandRidge Energy, Inc. engages in the acquisition, development, and production of oil and natural gas in the United States Mid-Continent region. As of December 31, 2025, it holds interests in 1,446 gross (825 net) producing wells, and one active drilling rig. The company was incorporated in 2006 and is based in Oklahoma City, Oklahoma.",,13.84
VHI,"Valhi, Inc.",Basic Materials,Chemicals,402444128.0,Revenue,0.023450965395987344,2/5,"(+24,-3,-14,+10,-1)",-0.026676047160193672,,0.050127012556181016,0.43406999999999996,"Valhi, Inc. engages in the chemicals, component products, and real estate management and development businesses in Europe, North America, the Asia Pacific, and internationally. The Chemicals segment produces and markets titanium dioxide pigments (TiO2), which are white inorganic pigments used in various applications by paint, plastics, paper, fibers and ceramics, decorative laminate, and paper manufacturers. This segment also provides TiO2 under the KRONOS name through agents and distributors. The Component Products segment manufactures mechanical and electrical cabinet locks, and other lockin",,14.21
LE,"Lands' End, Inc.",Consumer Cyclical,Apparel Retail,310213632.0,EPS,-0.11416728965524281,1/3,"(+200,-138,?,?,-10)",-0.16063018514049887,,0.04646289548525606,0.15555,"Lands' End, Inc. operates as a digital retailer of apparel, swimwear, outerwear, accessories, footwear, home products, and uniforms in the United States, Europe, and internationally. The company operates through U.S. eCommerce, Europe eCommerce, Outfitters, Third Party, Licensing, and Retail segments. It also sells uniform and logo apparel to businesses and their employees, and student households; and earns royalties on the use of Lands' End trademark. The company sells its products through its e-commerce websites and company operated stores, as well as through third party distribution channel",,10.5
PAYS,"Paysign, Inc.",Technology,Software - Infrastructure,867823360.0,Revenue,0.2773666915163977,5/5,"(+22,+29,+24,+24,+40)",0.24239628547944214,,0.03497040603695556,0.09492,"Paysign, Inc. provides prepaid card programs, patient affordability offerings, digital banking, life science software technology solutions, and integrated payment processing services for businesses, consumers, and government institutions in the United States. The company offers solutions for corporate rewards, prepaid gift cards, general-purpose reloadable debit cards, employee incentives, consumer rebates, donor compensation, clinical trials, healthcare reimbursement payments and pharmaceutical payment assistance, and demand deposit accounts accessible with a debit card and software solutions",,15.37
AXR,AMREP Corporation,Real Estate,Real Estate - Development,110330864.0,EPS,0.14990497357748045,3/5,"(+133,+86,-70,+90,-19)",0.11976479068991197,,0.03014018288756848,0.012,"AMREP Corporation, through its subsidiaries, engages in the real estate business in the United States. It operates through two segments, Land Development and Homebuilding. The company offers land development services, including land and site planning, obtaining of governmental and environmental approvals, installing of utilities and storm drains, ensuring availability of water services, building or improving of roads for land development services, and constructing community amenities; and landscaping services to homebuilders, as well as selling of developed and undeveloped for commercial and i",,20.72
PCYO,Pure Cycle Corporation,Utilities,Utilities - Regulated Water,267721776.0,EPS,0.14037357635025294,3/5,"(+196,-52,-52,+153,+13)",0.11422948604408778,,0.026144090306165158,0.0932,"Pure Cycle Corporation provides water and wastewater services in the United States. It operates in three segments: Water and Wastewater Resource Development, Land Development, and Single-Family Rental. The company engages in the wholesale water production, storage, treatment, and distribution systems; wastewater collection and treatment systems; development of land into master planned communities; and construction and leasing of single-family homes. It serves domestic, commercial, and industrial customers. Pure Cycle Corporation was incorporated in 1976 and is headquartered in Watkins, Colorad",,11.11
CGNT,Cognyte Software Ltd.,Technology,Software - Infrastructure,650945728.0,Revenue,0.08631190463360783,3/3,"(+0,+12,+14)",0.0660552957376408,,0.020256608895967032,0.16033999999999998,"Cognyte Software Ltd., a software-driven technology company, focuses on investigative analytics solutions worldwide. The company offers network intelligence analytics, threat intelligence analytics, decision intelligence analytics, and operational intelligence analytics solutions. It also offers software products, including subscription or perpetual licenses and appliances that include software that is essential to the product's functionality; software services, such as support and cloud-based SaaS subscriptions; and professional services and others comprising installation and integration serv",,8.815
MFI,mF International Limited,Technology,Software - Application,451588352.0,Revenue,-0.010693122398881982,1/3,"(-9,-18,+30)",-0.02879948048223724,,0.018106358083355256,0.177,"mF International Limited provides financial trading solutions through the internet or software-as-a-service platforms in Hong Kong, Mainland China, and Southeast Asia. The company offers the m-FINANCE Trading Platform, a trading solution; a customer relationship management system (CRM) for facilitating forex and bullion brokerage companies to manage introducing brokers and clients; liquidity solutions for fully automatic hedging and sending clients' orders directly to liquidity providers; white label services; CopyMaster, a mobile application for social and copy trading; Broker+, a cross-platf",,9.0
SBI,Western Asset Intermediate Muni,Financial Services,Asset Management,100266088.0,EPS,0.08370676266182708,1/2,"(-380,?,+143)",0.06802204771436737,,0.01568471494745971,0.41875,"Western Asset Intermediate Muni Fund Inc. is a closed ended fixed income mutual fund launched and managed by Legg Mason Partners Fund Advisor, LLC. The fund is co-managed by Western Asset Management Company. It invests in the fixed income markets of the United States. The fund invests in securities that provide income exempt from federal income tax. It invests primarily in investment grade municipal securities. The fund employs intensive proprietary research to create its portfolio. It benchmarks the performance of its portfolio against the Barclays Capital 1-15 Year Municipal Bond Index. The ",,7.12
ALTO,"Alto Ingredients, Inc.",Basic Materials,Specialty Chemicals,288942528.0,Revenue,0.004617902600992929,2/5,"(+35,+11,-8,-21,-5)",-0.005970222161698291,,0.01058812476269122,0.31914000000000003,"Alto Ingredients, Inc. produces, distributes, and markets specialty alcohols, renewable fuel, and essential ingredients in the United States. The company operates in three segments: Marketing and Distribution, Pekin Campus Production, and Western Production. It offers specialty alcohols used in mouthwash, cosmetics, pharmaceuticals, hand sanitizers, disinfectants, and cleaners for health, home, and beauty markets; grain neutral spirits used in alcoholic beverages and vinegar, as well as corn germ used in corn oils in the food and beverage markets; alcohols and other products for paint applicat",,3.725
JMM,Nuveen Multi-Market Income Fund,Financial Services,Asset Management,51804476.0,Revenue,0.1423965880145146,2/3,"(+114,+22,-43)",0.1339805947963364,,0.008415993218178208,0.4181,"Nuveen Multi-Market Income Fund is a closed-ended fixed income mutual fund launched by Nuveen Investments, Inc. The fund is co-managed by Nuveen Fund Advisors LLC and Nuveen Asset Management, LLC. It invests in the fixed income markets of the United States. The fund seeks to invest in securities of companies operating across diversified sectors. It primarily invests in investment grade debt securities such as U.S. agency and privately issued mortgage-backed securities, corporate debt securities, and asset-backed securities. The fund was formerly known as American Income Fund, Inc. Nuveen Multi",,5.4748
APWC,Asia Pacific Wire & Cable Corpo,Industrials,Electrical Equipment & Parts,56900788.0,EPS,-0.00929486671151225,2/3,"(+3,-11,+6)",-0.01586856784687818,,0.006573701135365928,0.22376000000000001,"Asia Pacific Wire & Cable Corporation Limited, through its subsidiaries, manufactures and distributes enameled wire, power cable, and telecommunications products in Thailand, Singapore, Australia, the People's Republic of China, Hong Kong, and the Asia Pacific region. The company offers copper rods; armored and unarmored low voltage power transmission cable, which is used to transmit electricity to and within commercial and residential buildings, as well as to outdoor installations, such as streetlights, traffic signals, and other signs; and telecommunications cable products, including copper-",,1.38
SPXX,Nuveen S&P 500 Dynamic Overwrit,Financial Services,Asset Management,340475744.0,EPS,-0.01347613711659279,1/2,"(-177,?,+26)",-0.01771750463652777,,0.00424136751993498,0.22,"Nuveen S&P 500 Dynamic Overwrite Fund is a closed-ended equity indexed mutual fund launched by Nuveen Investments, Inc. The fund is co-managed by Nuveen Fund Advisors LLC and Nuveen Asset Management, LLC. It invests in the public equity markets of the United States. The fund seeks to invest in stocks of companies operating across diversified sectors. It primarily invests in stocks of large cap companies. The fund also invests through financial derivatives such as call options. It seeks to replicate the performance of the S&P 500 Index. The fund was formerly known as Nuveen Equity Premium and G",,18.94
NWPX,"NWPX Infrastructure, Inc.",Basic Materials,Steel,976441280.0,EPS,0.13026046751621223,3/5,"(-40,+168,-33,+63,+5)",0.12626591180542368,,0.00399455571078855,0.2582,"NWPX Infrastructure, Inc., together with its subsidiaries, manufactures and sells water-related infrastructure products in the United States and Canada. It operates through two segments, Water Transmission Systems (WTS); and Precast Infrastructure and Engineered Systems (Precast). The WTS segment manufactures large-diameter, high-pressure steel pipeline systems for use in water infrastructure applications, which are primarily related to drinking water systems. Its products are also used for hydroelectric power systems, wastewater systems, seismic resiliency, and other applications. Its product",,101.32
DGICA,"Donegal Group, Inc.",Financial Services,Insurance - Property & Casualty,676684480.0,Revenue,0.04687115058673452,4/5,"(+5,+4,+9,+7,-1)",0.047269249071296926,,-0.0003980984845624036,0.052539999999999996,"Donegal Group Inc., an insurance holding company, provides commercial and personal lines of property and casualty coverages. It operates through three segments: Investment Function, Commercial Lines of Insurance, and Personal Lines of Insurance. The company offers protection against liability for bodily injury and property damage arising from automobile accidents and protection against loss from damage to automobiles owned by the insured for commercial automobile; protection to businesses against perils combining liability and physical damage coverages; and benefits to employees for injuries s",,18.23
ACIU,AC Immune SA,Healthcare,Biotechnology,248567328.0,Revenue,-0.031656533888240856,2/3,"(+276,+85,-87)",-0.030898814585565537,,-0.0007577193026753193,0.11664,"AC Immune SA, a clinical stage biopharmaceutical company, discovers, designs, and develops medicines, and therapeutic and diagnostic products for the prevention and treatment of neurodegenerative diseases associated with protein misfolding. The company's SupraAntigen and Morphomer platforms are designed to generate biologics and small molecules, which selectively interact with misfolded proteins that are common in a range of neurodegenerative diseases. It develops Crenezumab, a humanized, conformation specific monoclonal antibody used to slow Alzheimer's disease (AD) progression; and Semorinem",,2.5
DGICB,"Donegal Group, Inc.",Financial Services,Insurance - Property & Casualty,679282816.0,Revenue,0.04687115058673452,4/5,"(+5,+4,+9,+7,-1)",0.04765058408649003,,-0.0007794334997555108,0.052539999999999996,"Donegal Group Inc., an insurance holding company, provides commercial and personal lines of property and casualty coverages. It operates through three segments: Investment Function, Commercial Lines of Insurance, and Personal Lines of Insurance. The company offers protection against liability for bodily injury and property damage arising from automobile accidents and protection against loss from damage to automobiles owned by the insured for commercial automobile; protection to businesses against perils combining liability and physical damage coverages; and benefits to employees for injuries s",,18.3
PUBM,"PubMatic, Inc.",Technology,Software - Application,849053120.0,Revenue,0.13721962287840772,4/5,"(+53,+13,+4,+9,-3)",0.1389104334068687,,-0.0016908105284609842,0.17135,"PubMatic, Inc., a technology company, engages in the provision of a cloud infrastructure platform that enables real time programmatic advertising transactions for digital content creators, advertisers, agencies, agency trading desks, and demand side platforms worldwide. Its PubMatic SSP, a sell side platform for the purchase and sale of digital advertising inventory for publishers and buyers. The company also provides OpenWrap, a header bidding solution; Connect, a solution that provides additional data and insights to publishers and buyers; Activate, which allows buyers to execute direct deal",,18.64
LAKE,"Lakeland Industries, Inc.",Consumer Cyclical,Apparel Manufacturing,98866552.0,Revenue,0.11289878185531066,3/5,"(-95,+1978,-95,+2554,+15)",0.11650643605477895,,-0.003607654199468291,0.31123999999999996,"Lakeland Industries, Inc., together with its subsidiaries, manufactures and sells industrial protective clothing and accessories for the industrial and first responder markets. It offers firefighter protective apparel and accessories; high-end chemical protective suits to provide protection from highly concentrated, toxic and/or lethal chemicals, and biological toxins; and limited use/disposable protective clothing, such as coveralls, laboratory coats, shirts, pants, hoods, aprons, sleeves, arm guards, caps, and smocks. The company provides durable woven garments; high performance FR/AR appare",,9.955
PKE,Park Aerospace Corp.,Industrials,Aerospace & Defense,573796928.0,EPS,0.18466445254224406,3/5,"(+71,+27,-29,-22,+93)",0.1926941058785916,,-0.008029653336347531,0.182,"Park Aerospace Corp., an aerospace company, develops and manufactures solution and hot-melt advanced composite materials used to produce composite structures for the aerospace market in North America, Asia, and Europe. It offers advanced composite materials, including film adhesives and lightning strike protection materials used to produce primary and secondary structures for jet engines, large and regional transport aircraft, military aircraft, unmanned aerial vehicles, business jets, general aviation aircraft, and rotary wing aircraft. The company also provides specialty ablative materials f",,26.38
TCMD,"Tactile Systems Technology, Inc",Healthcare,Medical Devices,508317312.0,Revenue,0.11981994771050286,5/5,"(+11,+19,+11,+7,+12)",0.1283102736071744,,-0.008490325896671536,0.06416000000000001,"Tactile Systems Technology, Inc., a medical technology company, develops and provides medical devices to treat underserved chronic diseases in the United States. It offers Flexitouch Plus system, a pneumatic compression device for the treatment of lymphedema, phlebolymphedema, lipedema, venous insufficiencies, and other types of edema and leg ulcers; Entre Plus System, a pneumatic compression device for the at-home treatment of lymphedema, chronic edema, venous insufficiency, and chronic wounds. The company also provides Nimbl, a pneumatic compression platform for the treatment of upper extrem",,22.44
LNSR,"LENSAR, Inc.",Healthcare,Medical Devices,78260960.0,Revenue,0.1779031898044794,4/5,"(+29,-0,+21,+29,+12)",0.18715471790831906,,-0.009251528103839668,0.08299,"LENSAR, Inc., a commercial-stage medical device company, focuses on designing, developing, and marketing laser systems for the treatment of cataracts and the management of pre-existing or surgically induced corneal astigmatism in the United System, Europe, Asia, South Korea, and internationally. The company offers the LENSAR Laser System, which incorporates a range of proprietary technologies designed to assist the surgeon in obtaining visual outcomes by providing imaging, procedure planning, design, and precision. It also provides ALLY Robotic Cataract Laser System, a compact cataract treatme",,6.37
HNNA,"Hennessy Advisors, Inc.",Financial Services,Asset Management,80545936.0,EPS,0.03681094021935771,3/5,"(+1,-23,-23,+46,+38)",0.04944764089436782,,-0.012636700675010104,0.42,"Hennessy Advisors, Inc. is an publicly owned investment manager. It provides its services to Hennessy Funds and investment companies. The firm launches and manages equity, fixed income, and balanced mutual funds. It invests in the public equity and fixed income markets across the globe. The firm primarily invests in growth stocks of companies. It conducts in-house research to make its investments. Hennessy Advisors, Inc. was founded in 1989 and is based in Novato, California with additional offices in Boston, Massachusetts and Chapel Hill, North Carolina.",,10.19
ZJK,"ZJK Industrial Co., Ltd.",Industrials,Tools & Accessories,122855488.0,EPS,0.0707355847674076,2/3,"(+143,+6,-52)",0.08399059215607774,,-0.013255007388670137,0.06942,"ZJK Industrial Co., Ltd., through its subsidiaries, manufactures and sells precision fasteners, structural parts, and other precision metal parts products in the People's Republic of China, Taiwan, Singapore, the United States, and internationally. The company offers screws, nuts, bolts, turning parts, stamping parts, and computer numerical control (CNC) machining parts, as well as surface mounting technology (SMT) products and physical vapor deposition (PVD) products. Its products are used in new energy vehicles, mobile phones, smart watches, drones, 5G communication base stations, and other ",,1.91
VFF,"Village Farms International, In",Consumer Defensive,Farm Products,327727296.0,EPS,0.07280807218764251,0/1,"(-158,?,?,?,?)",0.09304576194078606,,-0.02023768975314355,0.14495,"Village Farms International, Inc., together with its subsidiaries, produces, markets, and distributes greenhouse grown tomatoes, bell peppers, and cucumbers in North America and Netherlands. It operates in five segments: Cannabis-Canada, Cannabis-U.S., Cannabis  Netherlands, Produce, and Clean Energy. It produces and supplies cannabis products to other licensed providers and provincial governments in Canada and internationally; develops and sells cannabinoid-based health and wellness products, including ingestible, edibles, and topical applications; and produces power. The company also market",,2.68
LTRX,"Lantronix, Inc.",Technology,Communication Equipment,321123872.0,Revenue,0.11083940841883089,3/5,"(+81,+1,+22,-23,-2)",0.13152103375324176,,-0.02068162533441087,0.06951,"Lantronix, Inc. develops, markets, and sells industrial and enterprise internet of things (IoT) products and services in the Americas, Europe, the Middle East, Africa, and the Asia Pacific Japan. The company's embedded IoT solutions provides embedded products, including compute system-on-module and system-in-package solutions; and application processing solutions for data transformation, computer vision, machine learning, augmented/virtual reality, audio/video aggregation and distribution, and custom applications. It also provides IoT systems solutions, which includes routing, switching or gat",,6.85
CBAT,CBAK Energy Technology Limited,Industrials,Electrical Equipment & Parts,93078128.0,Revenue,-0.07761568088015203,1/3,"(-18,-14,+11)",-0.05575986565551494,,-0.021855815224637087,0.49904000000000004,"CBAK Energy Technology Limited, together with its subsidiaries, manufactures, commercializes, and distributes lithium-ion and sodium-ion rechargeable batteries. The company operates through the CBAK and Hitrans segments. It develops and manufactures nickel-cobalt-manganese precursor materials and cathode materials. It also provides battery systems and integration solutions for electric vehicles and energy storage applications. Its products are used in electric cars, buses, hybrid vehicles, electric bicycles, tricycles, and other mobility applications, as well as in energy storage systems inclu",,1.05
NSLR,Neostellar Capital Corp.,Financial Services,Asset Management,192460320.0,EPS,-0.12944943670387588,1/3,"(+55,-180,?,-942,?)",-0.10742586487444761,,-0.022023571829428268,0.17550000000000002,"Neostellar Capital Corp., formerly known as SuRo Capital Corp. is a venture capital, mezzanine, secondary(direct) and business development company specializing in growth capital, emerging growth, late stage and venture capital-backed private companies. It prefers to invest in energy and utilities, consumer, technology, media and communication sectors. The company prefers to invest in United States of America and Canada. The firm only seeks minority stakes. Neostellar Capital Corp. was founded in 2010 and is based in New York, New York with additional offices in San Francisco, California.",,7.27
NTIC,Northern Technologies Internati,Basic Materials,Specialty Chemicals,72993488.0,Revenue,0.12074293479565568,4/5,"(+19,+31,+8,+6,-1)",0.15114349987031805,,-0.030400565074662378,0.20382999999999998,"Northern Technologies International Corporation, together with its subsidiaries, develops and markets rust and corrosion inhibiting products in China, Brazil, India, the United States, and internationally. It operates through ZERUST and Natur-Tec segments. The company offers rust and corrosion inhibiting products, such as plastic and paper packaging, liquids, coatings, rust removers, cleaners, diffusers, and engineered solutions designed for the oil and gas industry under the ZERUST brand. It also provides a portfolio of bio-based and certified compostable polymer resin compounds under the Nat",,7.69
CASS,"Cass Information Systems, Inc",Industrials,Specialty Business Services,682238400.0,EPS,0.08572260701658596,3/5,"(+16,+26,-14,-36,+88)",0.11989517226023927,,-0.03417256524365331,0.34393999999999997,"Cass Information Systems, Inc. provides payment and information processing services to manufacturing, distribution, and retail enterprises in the United States. The company operates in two segments, Information Services and Banking Services. Its services include freight invoice rating, payment processing, auditing, and the generation of accounting and transportation information. The company also processes and pays facility-related invoices, such as electricity, gas, waste, and telecommunications expenses; and provides telecom expense management solutions, as well as church management software ",,53.4
NTWK,NETSOL Technologies Inc.,Technology,Software - Application,70878728.0,EPS,0.10756634324829006,1/3,"(-153,?,?,+317,+0)",0.14265328140479294,,-0.03508693815650288,0.18713999999999997,"NetSol Technologies, Inc. engages in the design, development, marketing, and export of enterprise software solutions to the automobile financing and leasing, banking, and financial services industries in North America, Europe, and Asia Pacific. The company provides various platforms, including Transcend Platform for digital retail and finance; Originations, an AI-powered loan origination platform; Servicing, a next-gen loan and lease servicing software; Wholesale finance; Mobility solutions; and AI labs. It provides flex, a platform for contract calculations; dock, for rapid document generatio",,5.93
VTS,"Vitesse Energy, Inc.",Energy,Oil & Gas E&P,727562624.0,Revenue,0.2302307221225881,4/5,"(+73,+68,-17,+3,+13)",0.27068112355780083,,-0.040450401435212724,0.25456,"Vitesse Energy, Inc., together with its subsidiaries, engages in the acquisition, development, and production of non-operated oil and natural gas properties in the United States. The company acquires and owns non-operated working interest and royalty interest ownership in the Williston Basin properties covering 53,301 net acres located in North Dakota and Montana. It also owns non-operated interests in the Central Rockies properties located in Colorado and Wyoming. The company was founded in 2014 and is based in Greenwood Village, Colorado.",,17.28
PERF,Perfect Corp.,Technology,Software - Application,195549440.0,Revenue,0.13497262920110908,3/3,"(+13,+13,+15)",0.1757897625229583,,-0.04081713332184922,0.41,"Perfect Corp., an artificial intelligence software as a service company, provides artificial intelligence (AI)- and augmented reality (AR)-powered solutions for beauty, fashion, and skincare industries worldwide. The company offers AI- and AR-makeup; AI skin diagnosis; AI- and AR-hair services; AI- and AR-jewelry (earrings, rings, and bracelets); AI- and AR-accessories, glasses, and watches; AI- and AR-nails; AI avatar; AI selfie; AI text-to-image; and AI headshot and AI studio. It provides AI photo editing tools, such as AI remove background, AI blur background, AI object removal, AI image ex",,1.92
BGT,BlackRock Floating Rate Income ,Financial Services,Asset Management,309580608.0,EPS,0.10620693158624173,0/2,"(-132,?,-37)",0.14713921982814582,,-0.04093228824190409,0.21946000000000002,"BlackRock Floating Rate Income Trust is a close ended fixed income mutual fund launched by BlackRoack Inc. The fund is co-managed by BlackRock Advisors, LLC and BlackRock Financial Management, Inc. It invests in the fixed income markets across the globe while focusing on the United States. The fund invests in bonds of companies operating across diversified sectors. It invests in corporate bonds with average effective duration of its portfolio will be no more than 1.5 years. The fund was formerly known as BlackRock Global Floating Rate Income Trust. BlackRock Floating Rate Income Trust was form",,10.38
MTRX,Matrix Service Company,Industrials,Engineering & Construction,297913920.0,Revenue,0.05344372907980888,4/5,"(+5,+12,-8,+6,+14)",0.09486389096248482,,-0.04142016188267594,0.13716,"Matrix Service Company provides engineering, fabrication, construction, and maintenance services to support critical energy infrastructure and industrial markets in the United States, Canada, and internationally. It operates through three segments: Storage and Terminal Solutions, Utility and Power Infrastructure, and Process and Industrial Facilities. The Storage and Terminal Solutions segment offers engineering, procurement and construction (EPC), repair, and maintenance and fabrication services for liquid, cryogenic, and refrigerated storage and terminal facilities supporting energy markets,",,10.53
REFI,Chicago Atlantic Real Estate Fi,Real Estate,REIT - Mortgage,241351200.0,EPS,-0.026328111832561785,1/3,"(+16,-11,-11)",0.0156767315990467,,-0.042004843431608485,0.46578,"Chicago Atlantic Real Estate Finance, Inc. operates as a commercial mortgage real estate investment trust in the United States. It engages in originating, structuring, and investing in first mortgage loans and alternative structured financings secured by commercial real estate properties. The company's loan portfolio is comprised of senior loans to state-licensed operators in the cannabis industry. It has elected to be taxed as a real estate investment trust (REIT) and would not be subject to federal corporate income taxes if it distributes at least 90% of its taxable income to its stockholder",,9.42
KELYA,"Kelly Services, Inc.",Industrials,Staffing & Employment Services,541471040.0,Revenue,-0.012026283393215764,2/5,"(+9,+1,-3,-10,-2)",0.037079995054576154,,-0.04910627844779192,0.13106,"Kelly Services, Inc., together with its subsidiaries, provides workforce solutions to various industries in the Americas, Europe, Mexico, and the Asia-Pacific region. It operates in three segments: Enterprise Talent Management, Science, Engineering & Technology, and Education. The Enterprise Talent Management segment delivers temporary staffing, outcome-based, and permanent placement services providing administrative, accounting, and finance; light industrial; contact center staffing; and other workforce solutions. This segment also delivers talent solutions, including managed service provider",,15.59
DSU,"Blackrock Debt Strategies Fund,",Financial Services,Asset Management,574624704.0,EPS,0.07527290514768614,0/2,"(-157,?,-39)",0.1250629683268183,,-0.04979006317913215,0.17671,"BlackRock Debt Strategies Fund, Inc. is a closed ended fixed income mutual fund launched by BlackRock, Inc. The fund is managed by BlackRock Advisors, LLC. It invests in fixed income markets of the United States. The fund primarily invests in a diversified portfolio of companies' debt instruments, including corporate loans, which are rated in the lower rating categories of the established rating services (BBB or lower by S&P's or Baa or lower by Moody's) or unrated debt instruments, which are in the judgment of the investment adviser of equivalent quality. It was formerly known as Debt Strateg",,8.87
WHG,Westwood Holdings Group Inc,Financial Services,Asset Management,180556432.0,Revenue,0.08468377136158889,4/5,"(+12,-6,+31,+6,+3)",0.1344773898183429,,-0.04979361845675401,0.09734999999999999,"Westwood Holdings Group, Inc., through its subsidiaries, manages investment assets and provides services for its clients. The company operates in two segments, Advisory and Trust. The Advisory segment provides investment advisory services to corporate retirement plans, public retirement plans, endowments, foundations, individuals, and the Westwood Funds; and investment sub-advisory services to mutual funds, pooled investment vehicles, and its Trust segment. The Trust segment offers trust and custodial services; and participates in common trust funds that it sponsors to institutions and high ne",,18.92
MOV,Movado Group Inc.,Consumer Cyclical,Luxury Goods,704397568.0,Revenue,0.05800178029406711,3/5,"(+45,+2,-11,-2,+3)",0.10964596125064419,,-0.05164418095657708,0.13428,"Movado Group, Inc. designs, sources, markets, and distributes watches worldwide. It operates in two segments, Watch and Accessory Brands, and Company Stores. The company offers its watches under the Movado, Concord, Ebel, Olivia Burton, and MVMT brands, as well as licensed brands comprising Coach, Tommy Hilfiger, HUGO BOSS, Lacoste, Calvin Klein, and KATE SPADE NEW YORK. It also designs, sources, markets, and distributes jewelry and other accessories; and provides after-sales and shipping services. The company's customers include jewelry store chains, department stores, independent regional je",,31.57
OIS,"Oil States International, Inc.",Energy,Oil & Gas Equipment & Services,492835808.0,Revenue,0.009506965089297159,2/5,"(-10,+29,+6,-11,-3)",0.06586497674182512,,-0.05635801165252796,0.0623,"Oil States International, Inc., through its subsidiaries, provides engineered capital equipment and consumable products for energy, industrial, and military sectors worldwide. The company operates through three segments, Completion and Production Services, Downhole Technologies, and Offshore Manufactured Products. The Completion and Production Services segment offers a range of equipment and services that are used to establish and maintain the flow of oil and natural gas from a well throughout its life cycle. The Downhole Technologies segment provides oil and gas perforation systems, and downh",,8.17
LEGH,Legacy Housing Corporation,Consumer Cyclical,Residential Construction,661406272.0,EPS,0.020774750992551105,3/5,"(+31,+34,-21,+14,-30)",0.07850825280492679,,-0.05773350181237569,0.197,"Legacy Housing Corporation engages in the building, sale, and financing of manufactured homes and tiny houses primarily in the southern United States. The company manufactures and provides for the transport of mobile homes, including 1 to 5 bedrooms with 1 to 3 1/2 bathrooms; and provides wholesale financing to dealers and mobile home parks, as well as retail financing to consumers. It also provides inventory financing for its independent retailers; consumer financing for its products; and financing to manufactured housing community owners that buy or lease its products for use in their rental",,27.81
SEG,Seaport Entertainment Group Inc,Real Estate,Real Estate Services,285012160.0,Revenue,0.03085237451769962,1/3,"(-4,-4,+18)",0.0926568265641805,,-0.061804452046480884,0.2273,"Seaport Entertainment Group Inc. owns, develops, and operates a portfolio of entertainment and real estate assets primarily in New York City and Las Vegas. The company operates through three segments: Hospitality; Entertainment; and Landlord Operations. The Hospitality segment operates fine dining and casual dining restaurants, cocktail bars, and nightlife and entertainment venues under The Fulton, Mister Dips, Carne Mare, Malibu Farm, Gitano, and The Lawn Club brands. The Entertainment segment includes the Las Vegas Aviators Triple-A Minor League Baseball team, the Las Vegas Ballpark, the Fas",,22.25
OWLT,"Owlet, Inc.",Healthcare,Medical Devices,138218528.0,Revenue,0.06990162262927391,3/5,"(+1,-9,-22,+45,+35)",0.131992695180011,,-0.06209107255073709,0.4633,"Owlet, Inc. provides digital parenting solutions in the United States, the United Kingdom, and internationally. The company offers a digital parenting platform that provides real-time data and insights to parents. It also provides sock monitors, including Dream Sock, a wearable infant health monitor equipped with pulse oximetry technology that tracks vital signs, such as pulse rate, activity, oxygen level, and sleep patterns; BabySat, which is intended for infants with conditions, including respiratory syncytial virus, pneumonia, bronchitis, croup, and other diagnoses; and Dream Sight, an audi",,4.73
RCKY,"Rocky Brands, Inc.",Consumer Cyclical,Footwear & Accessories,336611552.0,EPS,0.006897205616140711,3/5,"(-3,+0,-49,+8,+95)",0.06906584103398083,,-0.062168635417840123,0.49315,"Rocky Brands, Inc. designs, manufactures, and markets footwear and apparel in the United States, Canada, the United Kingdom, and internationally. It operates through Wholesale, Retail, and Contract Manufacturing segments. The Wholesale segment offers products, which includes sporting goods stores, outdoor retailers, independent shoe retailers, hardware stores, mass merchants, uniform stores, farm store chains, specialty safety stores, specialty retailers, and online retailers in retail locations through a range of distribution channels. Its Retail segment sells its products direct sales to con",,44.93
AIRG,"Airgain, Inc.",Technology,Communication Equipment,51210152.0,Revenue,0.013161789245801803,3/5,"(+33,+18,-26,+8,-15)",0.07927808219050747,,-0.06611629294470567,0.15262,"Airgain, Inc. provides wireless connectivity solutions that offer embedded components, external antennas, and integrated systems in North America, China, and internationally. The company offers enterprise products, including smart network controlled cellular repeaters, embedded cellular modems, asset tracking solutions, and antennas for access points and Internet of Things (IoT) applications. It also provides automotive products, such as AirgainConnect Fleet system solution, a low-profile, roof-mounted, all-in-one 5G vehicle gateway that offers 4G/5G cellular connectivity with built-in multi-p",,4.04
TCI,Transcontinental Realty Investo,Real Estate,Real Estate Services,418956832.0,EPS,0.15751293131240862,3/5,"(+42,+4872,-99,-1,+135)",0.2301789622221284,,-0.07266603090971979,0.24795,"Transcontinental Realty Investors, Inc., a Dallas-based real estate investment company, holds a diverse portfolio of equity real estate located across the U.S., including office buildings, apartments, shopping centers, and developed and undeveloped land. The Company invests in real estate through direct ownership, leases and partnerships and invests in mortgage loans on real estate. The Company also holds mortgage receivables. Transcontinental Realty Investors, Inc. was established in 1983 and was incorporated in Nevada.",,47.75
JBSS,"John B. Sanfilippo & Son, Inc.",Consumer Defensive,Packaged Foods,783463232.0,EPS,0.0034576315104102306,3/5,"(+3,+1,-5,-2,+5)",0.07693278413474669,,-0.07347515262433646,0.28779,"John B. Sanfilippo & Son, Inc., through its subsidiary, JBSS Ventures, LLC, engages in the process and distribution of tree nuts and peanuts in the United States. The company offers raw and processed nuts, including almonds, pecans, peanuts, walnuts, cashews, macadamia nuts, pistachios, pine nuts, and filberts in various styles and seasonings; and bar product line, including chewy granola, fruit and grain, sweet and salty, dipped chewy granola, crunchy, energy, fiber, nut, fig, and protein bars. It also offers peanut butter in various sizes and varieties; salad toppings, dried fruit and chocol",,67.0
FPH,"Five Point Holdings, LLC",Real Estate,Real Estate - Development,662603200.0,Revenue,-0.06620642217133299,3/5,"(+46,-82,+411,+12,-54)",0.007436912526735728,,-0.07364333469806872,0.19507000000000002,"Five Point Holdings, LLC designs, develops, and owns mixed-use planned communities in California, the United States. It operates through Valencia, San Francisco, Great Park, and Hearthstone segments. The company sells residential and commercial land sites to homebuilders, commercial developers, and commercial buyers. It also provides development management services; and asset management services to land banking funds that are primarily focused on acquiring, developing, and managing residential lot option programs. The company was formerly known as Newhall Holding Company, LLC and changed its n",,4.48
NC,"NACCO Industries, Inc.",Energy,Thermal Coal,268219488.0,EPS,0.022750530662123625,2/4,"(+219,+50,-153,?,-48)",0.0970053239493045,,-0.07425479328718088,0.29137,"NACCO Industries, Inc., together with its subsidiaries, engages in the natural resources business. The company operates through three segments: Utility Coal Mining, Contract Mining, and Minerals and Royalties. The Utility Coal Mining operates surface coal mines under long-term contracts for power plants and a synfuels plant. This segment operates coal mines in North Dakota and Mississippi. The Contract Mining segment provides value-added contract mining and other services for producers of industrial minerals and products; contract mining services for independently owned mines and quarries in F",,35.57
NATR,"Nature's Sunshine Products, Inc",Consumer Defensive,Packaged Foods,222407376.0,EPS,-0.0018761858287961175,2/4,"(+33,-101,?,-48,+165)",0.07512661475604565,,-0.07700280058484177,0.12656,"Nature's Sunshine Products, Inc., a natural health and wellness company, manufactures and sells nutritional and personal care products in Asia, Europe, North America, Latin America, and internationally. The company distributes general health products related to blood sugar support, bone health, cellular health, cognitive function, joint health, mood, sexual health, sleep, sports and energy, and vision; and immune products to support and strengthen the human immune system. It also offers cardiovascular products; digestive products to regulate intestinal and digestive functions; personal care pr",,12.64
SCZM,Santacruz Silver Mining Ltd.,Basic Materials,Other Industrial Metals & Mining,847141504.0,Revenue,0.054188190683172044,2/3,"(-10,+13,+15)",0.1329453119077042,,-0.07875712122453216,0.21212,"Santacruz Silver Mining Ltd., together with its subsidiaries, engages in the acquisition, exploration, development, production, and operation of mineral properties in Latin America. The company primarily explores for silver and zinc, as well as lead and copper deposits. It also holds a portfolio of mineral properties in Mexico and Bolivia. The company is headquartered in Vancouver, Canada.",,9.11
ARQ,"Arq, Inc.",Industrials,Pollution & Treatment Controls,88647024.0,Revenue,0.14653450825455505,2/5,"(-10,-47,+193,-4,+49)",0.2288090902550164,,-0.08227458200046134,0.22627,"Arq, Inc., an environmental technology company, engages in the sale of consumable air, water, and soil treatment solutions based on activated carbon in the United States and Canada. Its products include granular activated carbon, powdered activated carbon, and colloidal carbon products; and additives for air emissions control. The company's products are used in various applications, including water treatment, ground water remediation, soil sediments, air emissions, and asphalt additives. The company was formerly known as Advanced Emissions Solutions, Inc. and changed its name to Arq, Inc. in F",,2.03
UFI,"Unifi, Inc. New",Consumer Cyclical,Textile Manufacturing,113206016.0,Revenue,-0.04464181472499873,1/5,"(+22,-24,-7,-2,-7)",0.03861032564211486,,-0.08325214036711359,0.42612,"Unifi, Inc., together with its subsidiaries, engages in the manufacture and sale of recycled and synthetic products in North America, Central America, South America, Asia, and Europe. It offers polyester products, including partially oriented yarn, texture, solution and package dyed, twisted, beamed, and draw wound yarns in virgin or recycled varieties; and nylon products comprise virgin or recycled texture, solution dyed, and spandex covered yarns. The company also provides recycled solutions made from pre-consumer and post-consumer waste, such as plastic bottle flakes, polyester polymer bead",,6.09
SIGA,SIGA Technologies Inc.,Healthcare,Drug Manufacturers - Specialty & Generic,235667056.0,EPS,-0.14733521715914744,2/5,"(+28,-49,+107,-14,-61)",-0.05990335552750581,,-0.08743186163164163,0.266,"SIGA Technologies, Inc., a commercial-stage pharmaceutical company, focuses on the health security market in the United States. The company's lead product is TPOXX, an antiviral drug for the treatment of human smallpox disease caused by variola virus. SIGA Technologies, Inc. was incorporated in 1995 and is headquartered in New York, New York.",,3.28
KGEI,Kolibri Global Energy Inc.,Energy,Oil & Gas E&P,231790400.0,EPS,-0.02174605898703097,1/3,"(+15,-6,-14)",0.0703669060244807,,-0.09211296501151167,0.20834,"Kolibri Global Energy Inc., an energy company, engages in finding and exploiting energy projects in oil and gas in the United States. It develops its Caney Shale oil acreage in the Tishomingo field in the Ardmore Basin, Oklahoma, which produces oil, gas, and natural gas liquids. The company was formerly known as BNK Petroleum Inc. and changed its name to Kolibri Global Energy Inc. in November 2020. Kolibri Global Energy Inc. was incorporated in 2008 and is headquartered in Thousand Oaks, California.",,6.45
HTLD,"Heartland Express, Inc.",Industrials,Trucking,859938624.0,Revenue,0.045414272479369355,2/5,"(-6,+59,+25,-13,-23)",0.13906852093174638,,-0.09365424845237702,0.19358,"Heartland Express, Inc., together with its subsidiaries, provides short, medium, and long-haul truckload carrier and transportation services in the United States, Mexico, and Canada. It primarily provides nationwide asset-based dry van truckload services for shippers; cross-border freight and other transportation services; and temperature-controlled truckload services. The company offers its services under the Heartland Express, Millis Transfer, Smith Transport, and CFI brand names. It primarily serves retailers, manufacturers, and parcel carriers in the consumer goods, appliances, food produc",,11.12
HMH,HMH Holding Inc.,Energy,Oil & Gas Equipment & Services,227834416.0,Revenue,0.06660966197243323,2/3,"(+16,+7,-3)",0.16106374694543812,,-0.09445408497300489,0.28949,"HMH Holding Inc. provides offshore and onshore oil and gas drilling equipment and systems and services in the United States and Norway. The company's services include sales of projects and products including drilling equipment packages for newbuild or a reactivated drilling rig, and individual or grouped components of drilling and pressure control equipment. The company also offers aftermarket services including services and replacement parts on installed equipment and integrated digital solutions. The company sells equipment and services to drilling contractors; operators, including both oil ",,19.07
MTC,"MMTec, Inc.",Financial Services,Capital Markets,474037984.0,Revenue,-0.09050512689571955,1/3,"(-19,+115,-57)",0.0054810889216905245,,-0.09598621581741007,0.25993,"MMTec, Inc., together with its subsidiaries, develops and deploys platforms that enable financial institutions to engage in securities market transactions and settlements worldwide. It operates through two segments, Gujia, MM Future and HC Securities; and MM Global. The company offers market data, fund management, and consulting services. It also provides a securities dealers trading system, which supports securities registration and clearing, account management, risk management, trading and execution, and third-party access middleware; a PTN private fund investment management system, which su",,4.76
VINP,Vinci Compass Investments Ltd.,Financial Services,Asset Management,757615616.0,EPS,-0.04840772430874973,2/3,"(+5,-56,+85)",0.051063990883992716,,-0.09947171519274245,0.46579,"Vinci Compass Investments Ltd. operates as an asset management firm in Brazil. It operates through six segments: Global Investment Products and Solutions (IP&S), Credit, Private Equity, Equities, Real Assets, and Corporate Advisory. The Global IP&S segment provides access to a network of general partners and asset managers. This segment also offers proprietary investment solutions; multi-asset allocation strategies, as well as portfolio and management services; and liquid and alternative, separate mandates, commingled funds, brokerage, pension plans, solutions, and Vinci retirement services. T",,11.54
CMT,Core Molding Technologies Inc,Basic Materials,Specialty Chemicals,205917024.0,EPS,0.05650784672251463,2/5,"(-44,+162,+60,-35,-15)",0.15839573448889888,,-0.10188788776638424,0.09403,"Core Molding Technologies, Inc., together with its subsidiaries, operates as a molder of thermoplastic and thermoset structural products in the United States, Mexico, Canada, and internationally. The company offers a range of manufacturing processes, such as sheet molding compound compression molding, direct long fiber thermoplastic compression molding, vacuum resin transfer compression molding, structural foam and web injection molding, reaction injection molding, hand lay-up, and spray-up processes. It serves various markets, including medium and heavy-duty trucks, power sports, building pro",,23.27
CLAR,Clarus Corporation,Consumer Cyclical,Leisure,133817104.0,Revenue,0.02255910728734234,2/5,"(+19,+19,-9,-8,-5)",0.12508828727976562,,-0.10252917999242328,0.0866,"Clarus Corporation engages in the design, development, manufacture, and distribution of outdoor equipment and lifestyle products in the United States, Australia, China, Austria, and internationally. It operates in two segments, Outdoor and Adventure. The Outdoor segment offers apparels, such as shells, insulation, midlayers, pants, and logowear; rock-climbing footwear and equipment, including carabiners, protection devices, harnesses, belay devices, helmets, and ice-climbing gears; technical backpacks and day packs; trekking poles; headlamps and lanterns; gloves and mittens; and skis, ski pole",,3.495
APEI,"American Public Education, Inc.",Consumer Defensive,Education & Training Services,876094912.0,EPS,0.01701130159766784,1/3,"(-22,-727,?,?,+147)",0.1204152203674882,,-0.10340391876982036,0.48866,"American Public Education, Inc., together with its subsidiaries, provides online and campus-based postsecondary education services in the United States. It operates through three segments: American Public University System, Rasmussen University, and Hondros College of Nursing. The company offers 181 degree programs, 110 certificate programs, and four diploma programs in various fields of study, including public service-focused fields, such as nursing, national security, military studies, intelligence, and homeland security, as well as traditional academic fields comprising business, health sci",,47.87
SNDL,SNDL Inc.,Consumer Defensive,Beverages - Wineries & Distilleries,300267456.0,Revenue,0.09940662626176433,3/3,"(+28,+1,+3)",0.20303864705483265,,-0.10363202079306832,0.15641,"SNDL Inc. engages in the production, distribution, and sale of cannabis products for the adult-use market in Canada and internationally. It operates through four segments: Liquor Retail, Cannabis Retail, Cannabis Operations, and Investments. The company engages in the cultivation, distribution, and sale of cannabis for the adult-use and medical markets; sale of wines, beers, and spirits through liquor stores under the Wine and Beyond, Ace Liquor, and Liquor Depot retail banners; and private sale of adult-use cannabis products and accessories through its corporate-owned, controlled, and franchi",,1.22
UTMD,"Utah Medical Products, Inc.",Healthcare,Medical Instruments & Supplies,236576400.0,EPS,0.034299661872426945,3/5,"(+37,+12,+1,-13,-12)",0.13799430740716034,,-0.1036946455347334,0.16,"Utah Medical Products, Inc. offers medical devices for the healthcare industry in the United States, Europe, and internationally. It offers fetal monitoring accessories, vacuum-assisted delivery systems, and other labor and delivery tools; DISPOSA-HOOD infant respiratory hoods; and DELTRAN PLUS blood pressure monitoring systems. The company provides GESCO, an umbilical vessel catheter, including DIALY-NATE disposable peritoneal dialysis sets; PALA-NATE silicone oral protection devices; URI-CATH urinary drainage systems; NUTRI-CATH\NUTRI-LOK feeding device; PICC-NATE, a percutaneous intraepithe",,74.54
JAKK,"JAKKS Pacific, Inc.",Consumer Cyclical,Leisure,323092672.0,Revenue,0.02039605153749413,2/5,"(+20,+28,-11,-3,-17)",0.1243274232537368,,-0.10393137171624267,0.18809,"JAKKS Pacific, Inc. designs, produces, markets, sells, and distributes toys and related products, consumer and electronic products, kids indoor and outdoor furniture, costumes, and sporting goods and home furnishings space products worldwide. The company operates through two segments, Toys/Consumer Products and Costumes. The company offers action figures and accessories, such as licensed characters; toy vehicles; dolls and accessories, including small, large, fashion, and baby dolls based on licenses, as well as infant and pre-school products; private label products; and foot-to-floor ride-on ",,28.23
PLX,"Protalix BioTherapeutics, Inc. ",Healthcare,Biotechnology,223989152.0,Revenue,-0.03460010930427504,2/5,"(-39,+24,+37,-18,-1)",0.07157494687084687,,-0.1061750561751219,0.12894,"Protalix BioTherapeutics, Inc., a biopharmaceutical company, engages in the development, production, and commercialization of recombinant therapeutic proteins based on the ProCellEx plant cell-based protein expression system. The company provides Elelyso for the treatment of Gaucher disease; and Elfabrio for the treatment of adult patients with a confirmed diagnosis of Fabry disease. It is also developing PRX-115, a plant cell expressed recombinant PEGylated Uricase, which is in Phase 2 trial for the treatment of gout; and PRX-119, a plant cell expressed PEGylated recombinant human DNase I pro",,2.78
TGEN,Tecogen Inc.,Industrials,Electrical Equipment & Parts,73054528.0,Revenue,-0.008502128057945924,3/5,"(-14,+2,+1,-10,+20)",0.10143256442668269,,-0.10993469248462862,0.14909,"Tecogen Inc., together with its subsidiaries, designs, manufactures, markets, and maintains cogeneration products for multi-family residential, commercial, recreational, and industrial use in the United States. It operates in three segments: Products, Services, and Energy Production. The Products segment designs, manufactures, and sells industrial and commercial cogeneration systems to hospitals and nursing homes, schools and universities, health clubs and spas, hotels and motels, office and retail buildings, food and beverage processors, multi-unit residential buildings, laundries, ice rinks,",,2.42
AZ,A2Z Cust2Mate Solutions Corp.,Technology,Software - Application,254032720.0,Revenue,-0.05461653611266193,1/3,"(-1,-42,+47)",0.05724389986728129,,-0.11186043597994322,0.0724,"A2Z Cust2Mate Solutions Corp., a technology company, focuses on the development and commercialization of retail smart cart solutions for grocery stores and supermarkets in Israel and internationally. It operates through Precision Metal Parts, Advanced Engineering, and Smart Carts segments. The company provides Cust2Mate system, which incorporates a smart cart that automatically calculates the value of the customers purchases in their smart cart without having to unload and reload their purchases at a customer checkout point. It also manufactures and sells precision metal parts; provides retail",,5.77
CTKB,"Cytek Biosciences, Inc.",Healthcare,Medical Devices,705809088.0,Revenue,0.16763176644055489,5/5,"(+38,+28,+18,+4,+1)",0.27979495359850715,,-0.11216318715795226,0.08219,"Cytek Biosciences, Inc., a cell analysis solutions company, provides cell analysis tools that facilitate scientific advances in biomedical research and clinical applications. The company offers Cytek aurora, northern lights systems, and Cytek aurora evo systems delivers cell analysis; Cytek Aurora CS System, a cellular complexity to perform additional downstream genomic and proteomic studies using phenotyping approaches; enhanced small particle detection; Cytek amnis imagestream imaging flow cytometers; Cytek guava muse cell analyzers; Cytek muse micro cell analyzers; Cytek guava easyCyte flow",,5.43
FPI,Farmland Partners Inc.,Real Estate,REIT - Specialty,459881536.0,Revenue,0.005807201916080196,3/5,"(+2,+18,-6,+1,-10)",0.1270172780594494,,-0.1212100761433692,0.48436,"Farmland Partners Inc. is an internally managed real estate company that owns and seeks to acquire high-quality North American farmland and makes loans to third-party farmers (both tenant and non-tenant) and landowners secured by farm real estate and/or other agricultural related assets. As of June 30, 2026, the Company owned approximately 70,100 acres of farmland in 11 states, including Arkansas, California, Colorado, Illinois, Indiana, Louisiana, Missouri, Nebraska, South Carolina, Texas and West Virginia. In addition, the Company owns land and buildings for four agriculture equipment dealer",,10.47
CHY,Calamos Convertible and High In,Financial Services,Asset Management,982928640.0,EPS,-0.18420783665953244,0/1,"(-202,?,?)",-0.06200120292727773,,-0.12220663373225471,0.46224,"Calamos Convertible and High Income Fund is a closed ended fixed income mutual fund launched by Calamos Investments LLC. It is managed by Calamos Advisors LLC. The fund invests in the fixed income markets of the United States. It primarily invests in a diversified portfolio of convertible securities and high yield corporate bonds rated Ba or lower by Moody's or BB or lower by Standard & Poor's. The fund employs both fundamental and quantitative analysis to create its portfolio. Calamos Convertible and High Income Fund was formed on March 12, 2003 and is domiciled in the United States.",,12.22
POCI,"Precision Optics Corporation, I",Healthcare,Medical Instruments & Supplies,50255388.0,Revenue,0.2418720025323542,3/5,"(+47,+34,-9,-0,+65)",0.3657716887611273,,-0.12389968622877312,0.19957999999999998,"Precision Optics Corporation, Inc. designs, develops, manufactures, and sells specialized optical and illumination systems and related components primarily in the United States. The company offers medical instrumentation products, including endoscopes and endocouplers, as well as other custom imaging and illumination products, such as Microprecision lenses and micro medical cameras, and 3D endoscopes for use in minimally invasive surgical procedures by hospitals and physicians. It also provides components and assemblies defense contractors, aerospace and industrial customers. It markets its pr",,4.58
TLS,Telos Corporation,Technology,Software - Infrastructure,346031360.0,Revenue,-0.01739349130989154,2/5,"(+35,-11,-33,-26,+52)",0.11266034126717828,,-0.13005383257706982,0.07457,"Telos Corporation, together with its subsidiaries, provides cyber, cloud, and enterprise security solutions in the United States and internationally. It operates through two segments: Security Solutions and Secure Networks. The company offers Xacta, a platform delivering automated cyber risk management and compliance processes for systems based in the cloud, on-premises, and in hybrid environments; Xacta.ai, an artificial intelligence capability at Xacta cyber GRC platform; and risk management framework consulting services, security assessment and compliance, engineering and evaluation, operat",,4.63
CHI,Calamos Convertible Opportuniti,Financial Services,Asset Management,968838272.0,EPS,-0.18530253705153155,0/1,"(-201,?,?)",-0.05274029420880577,,-0.13256224284272577,0.44844,"Calamos Convertible Opportunities and Income Fund is a closed ended fixed income mutual fund launched by Calamos Investments LLC. It is managed by Calamos Advisors LLC. The fund invests in the fixed income markets of the United States. It primarily invests in a diversified portfolio of convertible securities and high yield corporate bonds rated Ba or lower by Moody's or BB or lower by Standard & Poor's. The fund employs both fundamental and quantitative analysis with a focus on such factors as financial soundness, ability to make interest and dividend payments, earnings and cash-flow forecast,",,11.98
HBB,Hamilton Beach Brands Holding C,Consumer Cyclical,"Furnishings, Fixtures & Appliances",467255424.0,EPS,-0.10364314923928131,2/5,"(-55,+18,-1,+22,-11)",0.03276796149443473,,-0.13641111073371603,0.41336,"Hamilton Beach Brands Holding Company, together with its subsidiaries, designs, markets, and distributes small electric household and specialty housewares appliances in the United States and internationally. It offers air fryers, blenders, coffee makers, food processors, indoor electric grills, irons, juicers, mixers, slow cookers, toasters, and toaster ovens. The company also provides commercial products; consumer products under the Hamilton Beach, Proctor Silex, and Weston brands; products under the Hamilton Beach Professional in the premium market; garment care products under the CHI brand;",,34.76
ACU,Acme,Consumer Defensive,Household & Personal Products,238272112.0,EPS,0.015120208182922923,3/5,"(+49,-76,+493,-50,+2)",0.15318422837130385,,-0.13806402018838093,0.31722,"Acme United Corporation supplies cutting, measuring, first aid, and sharpening products to the school, home, office, hardware, sporting goods, and industrial markets in the United States, Canada, Europe, and internationally. The company offers scissors, shears, knives, rulers, pencil sharpeners, paper trimmers, safety cutters, lettering products, glue guns, and other craft products under the Westcott brand name; and cutting tools under the Clauss brand. It also provides sharpening knives, scissors, chisels, skis, skates, and other edges under the DMT brand. In addition, the company offers firs",,62.15
GLV,25219,Financial Services,Asset Management,72053104.0,EPS,-0.18644878895285222,0/1,"(-212,?,?)",-0.0410845808848499,,-0.14536420806800232,0.24194,"Clough Global Dividend and Income Fund is a closed ended balanced mutual fund launched and managed by Clough Capital Partners L.P. The fund primarily invests in the public equity and fixed income markets across the globe. It seeks to invest in securities of companies operating across diversified sectors. For its fixed income portion, it invests in corporate and sovereign debt. It invest in fixed income securities having a maturity ranging from 30 days to over 30 years. The fund invests in non-U.S. markets primarily through liquid securities, including depositary receipts. Its equity portion pr",,5.8062
UEIC,Universal Electronics Inc.,Technology,Consumer Electronics,69063936.0,Revenue,-0.09737429511225904,0/5,"(-2,-10,-23,-6,-7)",0.049864914184955866,,-0.1472392092972149,0.21181999999999998,"Universal Electronics Inc. designs, develops, manufactures, ships, and supports home entertainment control products, technology and software solutions, climate control solutions, wireless sensors and smart home control products, and audio-video accessories. It offers radio frequency (RF) capable and voice-enabled universal remote control products; and low-power RF and energy-harvesting microcontrollers, and embedded and cloud software to video service providers and consumer electronics original equipment manufacturers (OEMs), as well as distributes a portfolio of replacement remote controls, f",,5.36
FF,FutureFuel Corp.,Basic Materials,Specialty Chemicals,228966528.0,Revenue,-0.14082879565145234,2/5,"(+57,+23,-7,-34,-61)",0.010644153254382616,,-0.15147294890583496,0.212,"FutureFuel Corp., together with its subsidiaries, manufactures and sells diversified inorganic chemicals, bio-based fuel, and bio-based specialty chemical products in the United States. It operates through two segments: Chemicals and Biofuels. The Chemicals segment includes custom chemicals that are used in coatings, chemical intermediates, industrial and consumer cleaning, oil and gas, and specialty chemicals for specific customers under long-term contracts; and performance chemicals, which are multi-customer specialty products such as polymer modifiers, specialty solvents, surfactants, and g",,5.22
ACIC,American Coastal Insurance Corp,Financial Services,Insurance - Property & Casualty,462295840.0,Revenue,-0.16903771499446874,3/5,"(-73,-3,+19,+12,+13)",-0.017064495291303827,,-0.1519732197031649,0.44762,"American Coastal Insurance Corporation, through its subsidiaries, primarily engages in the commercial and personal property and casualty insurance business in the United States. The company provides structure, content, and liability coverage for standard single-family homeowners, renters, and condominium unit owners. It also offers commercial multi-peril property insurance for residential condominium associations and apartments, as well as coverage to policyholders for loss or damage to buildings, inventory, and equipment caused by fire, wind, hail, water, theft, and vandalism. In addition, th",,9.78
IMPP,Imperial Petroleum Inc.,Energy,Oil & Gas Midstream,245058016.0,EPS,-0.2204757390821659,1/3,"(+13,-52,-12)",-0.06636950027477861,,-0.15410623880738727,0.017,"Imperial Petroleum Inc., together with its subsidiaries, provides seaborne transportation services worldwide. The company owns and operates a fleet of seven medium range refined petroleum product tankers that carry refined petroleum products, such as gasoline, diesel, fuel oil, and jet fuel, as well as edible oils and chemicals; two suezmax tankers that carry crude oil; four handysize drybulk carriers that transport major bulks, such as iron ore, coal, and grains; and minor bulks, including bauxite, phosphate, and fertilizers; five supramax drybulk carriers; two kamsarmax drybulk vessels; and ",,5.42
SNFCA,Security National Financial Cor,Financial Services,Insurance - Life,239085472.0,EPS,-0.14390098678619656,2/5,"(-34,-38,-46,+90,+9)",0.011115139869544599,,-0.15501612665574116,0.28247,"Security National Financial Corporation engages in the life insurance, cemetery and mortuary, and mortgage businesses. The company's Life Insurance segment is involved in selling and servicing lines of life insurance, annuity products, and accident and health insurance. It offers various life insurance products, including funeral plans and interest-sensitive life insurance, as well as other traditional life, accident, and health insurance products; and annuity products comprising single and flexible premium deferred annuities, and immediate annuities. This segment also cedes and assumes variou",,9.18
ANIK,Anika Therapeutics Inc.,Healthcare,Drug Manufacturers - Specialty & Generic,262038480.0,Revenue,-0.028633835332280255,2/5,"(+13,-23,+6,-1,-6)",0.12744110250946572,,-0.15607493784174598,0.18393,"Anika Therapeutics, Inc., a joint preservation company, focuses on early intervention orthopedics in the United States, Europe, and internationally. The company offers osteoarthritis (OA) pain management products and services, such as Monovisc and Orthovisc, which are single- and multi-injection, HA viscosupplement products indicated for pain relief from OA conditions, as well as Cingal, a non-opioid, single-injection OA pain management product; regenerative solutions, including an HA-based scaffold with bone and tendon fixation components and arthroscopic delivery instruments; Hyalofast, a re",,19.58
GUT,The Gabelli Utility Trust,Financial Services,Asset Management,531166048.0,EPS,-0.1095678952813477,0/1,"(-134,?,?)",0.04749258975147774,,-0.15706048503282544,0.007,"The Gabelli Utility Trust is a closed-ended equity mutual fund launched by GAMCO Investors, Inc. It is managed by Gabelli Funds, LLC. The fund invests in the public equity markets across the globe. It makes its investments in stocks of companies providing products, services, or equipment for the generation or distribution of electricity, gas, water, telecommunications services, and infrastructure operations. The fund invests in stocks of companies across market capitalization. It benchmarks the performance of its portfolio against S&P 500 Utilities Index, Lipper Utility Fund Average, and S&P 5",,5.9
WFCF,"Where Food Comes From, Inc.",Industrials,Specialty Business Services,67148264.0,EPS,0.06399531281508364,3/5,"(+118,-31,+18,+3,-25)",0.22266044414628428,,-0.15866513133120064,0.08263,"Where Food Comes From, Inc., together with its subsidiaries, operates as a third-party food verification company in North America. The company conducts on-site and desk audits to verify claims about livestock, food, other specialty crops, and agricultural and aquaculture products; offers various value-added services, including verification, certification, consulting, and other professional services; and sells hardware and technology solutions. It serves farmers, ranchers, vineyards, wineries, processors, retailers, distributors, trade associations, consumer brands, chefs, and restaurants, as w",,13.4845
ETD,Ethan Allen Interiors Inc.,Consumer Cyclical,"Furnishings, Fixtures & Appliances",512657824.0,EPS,-0.08023844950450465,2/5,"(+71,+2,-40,-19,-22)",0.07932695429823777,,-0.15956540380274242,0.256,"Ethan Allen Interiors Inc. operates as an interior design company, and manufacturer and retailer of home furnishings in the United States and internationally. The company operates through two segments: Wholesale and Retail. It offers case goods items, such as beds, dressers, armoires, tables, chairs, buffets, entertainment units, home office furniture, and wooden accents; upholstery comprising fabric-covered items, such as sleepers, recliners and other motion furniture, chairs, ottomans, custom pillows, sofas, loveseats, cut fabrics, and leather; and window treatments and drapery hardware, wal",,20.34
JRSH,"Jerash Holdings (US), Inc.",Consumer Cyclical,Apparel Manufacturing,78104632.0,EPS,-0.06107174583023611,1/3,"(+81,-72,-184,?,?)",0.10176291216954447,,-0.16283465799978059,0.13533,"Jerash Holdings (US), Inc., through its subsidiaries, engages in the manufacture and export of customized, ready-made sportswear, and outerwear from knitted fabrics. The company offers jackets, polo shirts, vests, t-shirts, pants, and shorts, as well as personal protective equipment products. It serves various brands and retailers. The company operates in the United States, Hong Kong, Korea, China, Jordan, and internationally. Jerash Holdings (US), Inc. was incorporated in 2016 and is based in Fairfield, New Jersey.",,6.15
VNDA,Vanda Pharmaceuticals Inc.,Healthcare,Biotechnology,276314496.0,Revenue,-0.027289045383063204,3/5,"(+8,-5,-24,+3,+9)",0.1385870336347903,,-0.1658760790178535,0.10369,"Vanda Pharmaceuticals Inc., a biopharmaceutical company, focuses on the development and commercialization of therapies to address high unmet medical needs worldwide. The company's commercial portfolio includes Fanapt for the acute treatment of manic or mixed episodes associated with bipolar I disorder and the treatment of schizophrenia; HETLIOZ to treat non-24-hour sleep-wake disorders and nighttime sleep disturbances; PONVORY to treat relapsing forms of multiple sclerosis; and NEREUSTM for preventing vomiting induced by motion. It also develops Fanapt (iloperidone), a long acting injectable (",,4.57
HNST,"The Honest Company, Inc.",Consumer Defensive,Household & Personal Products,543931776.0,Revenue,0.04321473460578207,3/5,"(+6,-2,+10,+10,-2)",0.21027082733195468,,-0.1670560927261726,0.056929999999999994,"The Honest Company, Inc. a personal care company, provides personal care products for babies and adults. It offers wipes, personal care, diapers, and beauty products. In addition, it sells its products through retailers and websites, and third-party ecommerce sites. The Honest Company, Inc. was incorporated in 2011 and is headquartered in Los Angeles, California.",,5.07
RLGT,"Radiant Logistics, Inc.",Industrials,Integrated Freight & Logistics,431896256.0,EPS,-0.028214491099314398,3/5,"(+96,-52,-62,+119,+11)",0.1421714953362636,,-0.170385986435578,0.32985,"Radiant Logistics, Inc., operates as a third-party logistics company, provides technology-enabled global transportation and value-added logistics services in the United States, Canada, and Mexico. The company offers domestic and international air and ocean freight forwarding, and freight brokerage services, including truckload, less-than-truckload (LTL), and intermodal. It also provides other value-added logistics services including materials management and distribution, customs house brokerage, global trade management, and related technology services, as well as arranging shipments, and heavy",,9.21
ASG,"Liberty All-Star Growth Fund, I",Financial Services,Asset Management,323685792.0,EPS,-0.15725193943519022,0/2,"(-284,?,-14)",0.014229967826343337,,-0.17148190726153356,0.056,"Liberty All-Star Growth Fund, Inc. is a closed-ended equity mutual fund launched and managed by ALPS Advisers, Inc. It is co-managed by Weatherbie Capital, LLC, Congress Asset Management Company, and Sustainable Growth Advisers, LP. The fund invests in the public equity markets of the United States. It seeks to invest in stocks of companies operating across diversified sectors. The fund primarily invests in growth stocks of companies across all market capitalizations. It employs fundamental analysis with a bottom-up stock picking approach to create its portfolio. The fund benchmarks the perfor",,5.08
ESCA,"Escalade, Incorporated",Consumer Cyclical,Leisure,256599616.0,EPS,-0.11465454666653485,2/5,"(-3,-26,-46,+31,+6)",0.06349071621784241,,-0.17814526288437726,0.08839000000000001,"Escalade, Incorporated manufactures, distributes, imports, and sells sporting goods in North America, Europe, and internationally. The company provides various sporting goods brands in basketball goals, archery, indoor and outdoor game recreation, and fitness products. It offers archery products under the Bear Archery, Trophy Ridge, Cajun Bowfishing, SIK, and BearX brand names; table tennis products under the STIGA and Ping-Pong brands; basketball goals under the Goalrilla, Goaliath, Silverback, Hoopstar, and Goalsetter brand names; and pickleball under the Onix, and DURA brands. The company p",,18.64
KRMD,"KORU Medical Systems, Inc.",Healthcare,Medical Instruments & Supplies,135961680.0,Revenue,0.11210983189696822,4/5,"(-3,+19,+2,+18,+22)",0.29044491079702883,,-0.17833507890006062,0.18333,"KORU Medical Systems, Inc. develops, manufactures, and commercializes subcutaneous infusion solutions primarily for the subcutaneous drug delivery market in the United States and internationally. The company offers the FREEDOM infusion systems to deliver therapies to patients with chronic illnesses, such as primary immunodeficiency diseases (PIDD), chronic inflammatory demyelinating polyneuropathy (CIDP), secondary immunodeficiency disorder (SIDD), and paroxysmal nocturnal hemoglobinuria (PNH). Its products include the FREEDOM60 Syringe Driver, the FreedomEdge syringe driver, HIgH-Flo subcutan",,2.96
ACP,Aberdeen Income Credit Strategi,Financial Services,Asset Management,547052160.0,EPS,-0.1597178596068728,1/2,"(-219,?,+19)",0.019415933967422472,,-0.17913379357429526,0.37403,"Abrdn Income Credit Strategies Fund is a closed-ended fixed income fund launched and managed by Aberdeen Asset Managers Limited. It is co-managed by Aberdeen Standard Investments Inc. The fund invests in fixed income markets across the globe. It seeks to invest primarily in loan and debt instruments. Abrdn Income Credit Strategies Fund was formed on October 12, 2010 and is domiciled in the United States.",,4.36
MPV,Barings Participation Investors,Financial Services,Asset Management,182820832.0,EPS,-0.12157294252630191,1/3,"(-72,+159,-5)",0.058165233002906325,,-0.17973817552920823,0.21886,"Barings Participation Investors is a closed ended fixed income mutual fund launched and managed by Barings LLC. The fund invests in the fixed income markets of the United States. It primarily invests in below-investment grade, long-term corporate debt obligations which are directly purchased from its issuers. The fund also seeks to invest in warrants, conversion rights, or other equity related instruments. It benchmarks the performance of its portfolio against Standard and Poor's Industrials Composite, Russell 2000 Index, Lehman Brothers U.S. High Yield Index, and Lehman Brothers Intermediate ",,16.94
MCI,Barings Corporate Investors,Financial Services,Asset Management,384360128.0,EPS,-0.12362852440128735,1/3,"(-73,+156,-4)",0.05835936041945611,,-0.18198788482074346,0.21028,"Babson Capital Corporate Investors trust is a closed ended fixed income mutual fund launched and managed by Barings LLC. It invests in fixed income markets of the United States. The fund seeks to invest in securities of companies operating across diversified sectors. It primarily invests in a portfolio of privately placed, below-investment grade, long term corporate debt obligations. The fund also invests in marketable investment grade debt securities, other marketable debt securities, and marketable common stocks. It was formerly known as Babson Capital Corporate Investors. Babson Capital Cor",,18.67
CPIX,Cumberland Pharmaceuticals Inc.,Healthcare,Drug Manufacturers - Specialty & Generic,105331248.0,Revenue,0.044332014634828054,2/5,"(-2,+20,-6,-4,+18)",0.22756138598384346,,-0.1832293713490154,0.27558,"Cumberland Pharmaceuticals Inc., a specialty pharmaceutical company, focuses on the acquisition, development, and commercialization of prescription products. The company offers Acetadote, an injection for the treatment of acetaminophen poisoning; Caldolor, an injection for the treatment of pain and fever; Kristalose, a prescription laxative oral solution for the treatment of constipation; Sancuso, a transdermal patch for the prevention of nausea and vomiting in patients receiving chemotherapy treatment; Vaprisol, an injection to raise serum sodium levels in hospitalized patients with euvolemic",,7.03
MITK,"Mitek Systems, Inc.",Technology,Software - Application,798666112.0,EPS,0.01087212085035083,2/5,"(+0,-56,+112,-59,+171)",0.19423343764456247,,-0.18336131679421164,0.22422999999999998,"Mitek Systems, Inc. provides digital identity verification and fraud prevention solutions worldwide. The company offers Mobile Deposit, a mobile remote deposit capture solution for retail financial institutions, brokerages, and prepaid card providers; Check Fraud Defender, a cloud-hosted fraud mitigation service; Mitek Verified Identity Platform, an end-to-end identity verification solution; Mobile Verify, an omnichannel identity document verification engine; MiSnap, a software development kit that replaces manual image capture with auto-capture; CheckReader, which enables financial institutio",,17.7
FSTR,L.B. Foster Company,Industrials,Railroads,367560512.0,EPS,-0.005698376796668736,1/4,"(-52,-1350,?,+2892,-82)",0.17912290442514878,,-0.1848212812218175,0.39305999999999996,"L.B. Foster Company provides engineered and manufactured products and services for building and supporting infrastructure in the United States, Canada, the United Kingdom, and internationally. It operates in two segments: Rail, Technologies, and Services; and Infrastructure Solutions. The Rail, Technologies, and Services segment offers new rail to passenger and short line freight railroads, industrial companies, and rail contractors, as well as new and used rails; rail accessories, such as track spikes, bolts, angle bars, tie plates, and other products; insulated rail joints and related access",,34.94
AWP,Aberdeen Global Premier Propert,Financial Services,Asset Management,312876288.0,EPS,-0.19017303982465927,0/1,"(-202,?,?)",-0.0017444080362031267,,-0.18842863178845615,0.11630000000000001,"Abrdn Global Premier Properties Fund is a closed-end equity mutual fund launched and managed by Alpine Woods Capital Investors, LLC. It invests in the public equity markets across the globe. The fund invests in stocks of companies operating across real estate sectors. It invests in value stocks of companies. The fund employs fundamental analysis with top-down and bottom-up stock picking approach to create its portfolio. It benchmarks the performance of its portfolio against the FTSE EPRA/NAREIT Global TR Index, MSCI US REIT Gross Total Return Index, and S&P Developed BMI Property Index Net TR ",,10.14
QTTB,Q32 Bio Inc.,Healthcare,Biotechnology,248277344.0,Revenue,-0.2631542332929202,2/5,"(-69,+62,+1157,-91,-64)",-0.07200073320017841,,-0.1911535000927418,0.050010000000000006,"Q32 Bio Inc., a clinical-stage biotechnology company, develops novel biologics to restore healthy immune balance in patients with alopecia areata and other autoimmune and inflammatory diseases driven by pathological immune dysfunction. The company is developing Bempikibart (ADX-914), a fully human antiinterleukin-7 receptor alpha antagonist monoclonal antibody which completed Phase 2a clinical trials, designed to re-regulate adaptive immune function by blocking signaling mediated by interleukin-7 and thymic stromal lymphopoietin for the treatment of atopic dermatitis and alopecia areata. It a",,8.34
IMMR,Immersion Corporation,Technology,Software - Application,246720864.0,EPS,-0.05924857043676224,4/5,"(+105,+136,+13,+83,-93)",0.13375191205332504,,-0.19300048249008728,0.48784999999999995,"Immersion Corporation, together with its subsidiaries, engages in the business of intellectual property (IP) that engages user sense of touch when operating digital devices in North America, Europe, and Asia. It operates through two segments, Immersion and Barnes & Noble Education. The company offers software, related tools, and technical assistance related to integrating its patented technology; educational content and general merchandise, and digital and physical textbooks through its bookstore locations, including virtual bookstores, and bookstore-affiliated e-commerce websites; and marketi",,7.43
RMR,The RMR Group Inc.,Real Estate,Real Estate Services,302490784.0,EPS,-0.10058560273319328,2/5,"(+23,-5,+69,-60,-25)",0.09656398463969706,,-0.19714958737289034,0.46013,"The RMR Group Inc., through its subsidiary, The RMR Group LLC, provides real estate asset management services in the United States. The company offers management services to its four publicly traded real estate investment trusts, two real estate operating companies, and private capital vehicles. It also provides advisory services to publicly traded mortgage real estate investment trust. In addition, the company provides management services to a wide range of real estate assets and businesses that include healthcare facilities, senior living and other apartments, hotels, office buildings, indus",,17.71
EPSN,Epsilon Energy Ltd.,Energy,Oil & Gas E&P,180188480.0,Revenue,-0.09657359733674009,2/3,"(-56,+3,+64)",0.10109231817350373,,-0.19766591551024382,0.3154,"Epsilon Energy Ltd., a North American onshore independent natural gas and oil company, engages in the acquisition, exploration, development, gathering, and production of natural oil and gas reserves. The company operates through Upstream and Gathering System segments. It has natural gas production in the Appalachian Basin in Pennsylvania; oil, natural gas liquids, and natural gas production in the Powder River Basin in Wyoming, the Permian Basin in Texas and New Mexico, and the Western Canadian Sedimentary Basin in Alberta. Epsilon Energy Ltd. was incorporated in 2005 and is based in Houston, ",,5.95
AOUT,"American Outdoor Brands, Inc.",Consumer Cyclical,Leisure,208250208.0,Revenue,-0.07189383431478757,2/5,"(-11,-23,+5,+11,-14)",0.1316335053507176,,-0.20352733966550518,0.19468,"American Outdoor Brands, Inc. provides outdoor products and accessories for rugged outdoor enthusiasts in the United States and internationally. It provides shooting sports accessories products, including rests, vaults, and other related accessories; outdoor lifestyle products, such as premium sportsman knives and tools for fishing and hunting; land management tools for hunting preparedness and for use in the backyard; and outdoor cooking products. The company also offers c-optical devices, including hunting optics, firearm aiming devices, flashlights, and laser grips; and reloading, gunsmithi",,16.5
GLU,The Gabelli Global Utility & Income Trust,Financial Services,Asset Management,104977304.0,EPS,-0.23705472349817558,1/2,"(-202,?,+131)",-0.03193134239093287,,-0.2051233811072427,0.002,"The Gabelli Global Utility & Income Trust is a closed-ended equity mutual fund launched by GAMCO Investors, Inc. It is managed by Gabelli Funds, LLC. The fund invests in public equity markets across the globe. It primarily invests in stocks of companies involved to a substantial extent in providing products, services, or equipment for the generation or distribution of electricity, gas, or water and infrastructure operations, and in equity securities including preferred securities of companies in other industries, in each case in such securities that are expected to pay periodic dividends. The ",,17.52
NEGG,"Newegg Commerce, Inc.",Consumer Cyclical,Internet Retail,242878912.0,Revenue,-0.05658339195096007,1/3,"(-13,-17,+17)",0.15157137649381425,,-0.20815476844477432,0.30656,"Newegg Commerce, Inc. operates as an electronics-focused e-retailer in the United States, Canada, and internationally. The company sells desktops, laptops, gaming laptops, peripherals, and accessories; CPU/processors, graphic cards, motherboards, storage devices, and computer accessories; and software, virtual reality, gaming consoles, networking, digital games, home appliances, gaming desks/chairs, and TVs. It provides supply chain third-party services, such as Shipped by Newegg, offers warehousing and fulfillment services; Newegg Logistics, provides warehousing, inventory management, order p",,11.58
EML,Eastern Company (The),Industrials,Tools & Accessories,147971760.0,EPS,-0.07841660985409526,1/4,"(-15,+32,-30,-200,?)",0.1314017960448597,,-0.20981840589895495,0.47335,"The Eastern Company designs, manufactures, and sells engineered solutions to industrial markets in the United States and North America. The company offers turnkey returnable packaging solutions, which are used in the assembly processes of vehicles, aircraft, and durable goods, as well as in production processes of plastic packaging products, packaged consumer goods, and pharmaceuticals; injection blow mold tooling products; design, develops, and manufactures 2-step stretch blow molds, and related components for the stretch blow molding industry; and supplies blow molds and change parts to the ",,24.59
ASYS,"Amtech Systems, Inc.",Technology,Semiconductor Equipment & Materials,288008256.0,Revenue,0.039263151094014015,3/5,"(+30,+25,+7,-11,-22)",0.25050453901479264,,-0.21124138792077862,0.15477,"Amtech Systems, Inc., together with its subsidiaries, manufactures and sells capital equipment and related consumables for use in fabricating and packaging semiconductor devices in the United States, Canada, Mexico, China, Malaysia, Taiwan, Singapore, the Czech Republic, Austria, Hungary, the United Kingdom, Germany, and internationally. It operates through Thermal Processing Solutions and Semiconductor Fabrication Solutions segments. The company offers thermal processing equipment for use in solder reflow operations for advanced semiconductor packaging and electronics assembly; belt furnaces ",,16.45
NODK,"NI Holdings, Inc.",Financial Services,Insurance - Property & Casualty,301785856.0,Revenue,-0.014313865460702568,3/5,"(+6,-17,+14,+7,-12)",0.1980016343380384,,-0.21231549979874098,0.464,"NI Holdings, Inc., together with its subsidiaries, underwrites property and casualty insurance products in the United States. Its products include private passenger auto, homeowners, farm owners, commercial multi-peril, crop hail, excess liability, dwelling, and federal multi-peril crop insurance policies, as well as non-standard automobile insurance policies. The company was founded in 1946 and is headquartered in Fargo, North Dakota. NI Holdings, Inc. is a subsidiary of Nodak Mutual Group, Inc.",,14.79
ICCC,ImmuCell Corporation,Healthcare,Biotechnology,89005536.0,Revenue,0.14186070139145657,2/3,"(-6,+52,+4)",0.35444545431746777,,-0.2125847529260112,0.39674,"ImmuCell Corporation, an animal health company, develops, manufactures, and sells products that improves the health and productivity of dairy and beef cattle in the United States and internationally. It operates through two segments, Scours and Mastitis. The company offers First Defense, an orally delivered scours preventive product for calves with claims against E. coli, coronavirus, and rotavirus; and Tri-Shield First Defense, a passive antibody product for the treatment of E. coli, coronavirus, and rotavirus. It also provides California Mastitis Test, a quick on-farm diagnostic that is used",,9.8
QUIK,QuickLogic Corporation,Technology,Semiconductors,198747488.0,Revenue,0.09791724566241622,3/5,"(+47,+28,+31,-7,-30)",0.3155001892759859,,-0.21758294361356967,0.2521,"QuickLogic Corporation operates as a fabless semiconductor company. The company offers embedded Field Programmable Gate Array (eFPGA) intellectual property and specialized FPGA devices used in various applications; and end-to-end artificial intelligence/machine learning solution with accurate sensor algorithms using AI technology. It also provides eFPGA IP licensing, discrete FPGA devices, and related development tools and software. In addition, the company engages in the eFPGA IP Licensing business and associated professional services, consisting of development and integration of eFPGA techno",,10.85
MDXG,"MiMedx Group, Inc",Healthcare,Biotechnology,681513216.0,Revenue,0.11018106655466964,4/5,"(-3,+11,+20,+9,+20)",0.3310134815616099,,-0.22083241500694029,0.07966000000000001,"MiMedx Group, Inc. develops and distributes placental tissue allografts for various sectors of healthcare. The company processes the human placental tissues membrane, and umbilical cord and the placental disc utilizing its patented and proprietary PURION process to produce allografts that retains the tissue's inherent biological properties and regulatory proteins, including cytokines, chemokines, and growth factors. Its patented and proprietary processing method employs aseptic processing techniques in addition to terminal sterilization. The company's wound care products include EPIFIX, EPICOR",,4.67
JOUT,Johnson Outdoors Inc.,Consumer Cyclical,Leisure,448110656.0,Revenue,-0.057779711109193665,0/4,"(-1,-11,-11,-0)",0.1697710217783459,,-0.22755073288753958,0.11989000000000001,"Johnson Outdoors Inc. designs, manufactures, and markets seasonal and outdoor recreation products for fishing worldwide. It operates through Fishing; Camping & Watercraft Recreation; and Diving segments. The Fishing segment offers electric motors for quiet trolling or primary propulsion, marine battery chargers, and shallow water anchors; sonar and GPS equipment for fish finding, navigation and marine cartography; and downriggers for controlled-depth fishing. This segment sells its products under the Minn Kota, Humminbird, and Cannon brands through outdoor specialty retailers, retail store cha",,42.76
WGO,"Winnebago Industries, Inc.",Consumer Cyclical,Recreational Vehicles,661209344.0,EPS,-0.13135022026893695,3/5,"(+350,+43,-47,-93,+107)",0.1081609205531191,,-0.23951114082205605,0.3912,"Winnebago Industries, Inc. manufactures and sells recreation outdoor lifestyle products primarily for use in leisure travel and outdoor recreation activities. It operates through three segments: Towable RV, Motorhome RV, and Marine. The company provides towable products that are non-motorized vehicles to be towed by automobiles, pickup trucks, SUVs, or vans for use as temporary living quarters, such as conventional travel trailers, fifth wheels, folding camper trailers, truck campers, and park models under the Winnebago and Grand Design brand names. It also offers motorhome RV, a self-propelle",,23.39
LFVN,Lifevantage Corporation,Consumer Defensive,Packaged Foods,75536664.0,EPS,-0.14971699958280615,2/5,"(-73,-17,+15,+226,-47)",0.09381974399241066,,-0.24353674357521682,0.29379,"LifeVantage Corporation engages in the identification, research, development, formulation, and sale of advanced nutrigenomic activators, dietary supplements, nootropics, weight management, gut health, and skin and hair care products in the United States and internationally. It offers Protandim, a dietary supplement; LifeVantage Omega+, a dietary supplement that combines DHA and EPA Omega-3 and Omega-7 fatty acids, and vitamin D3; LifeVantage ProBio, a dietary supplement to support gut health; LifeVantage IC Bright, a supplement to support eye and brain health, reduce eye fatigue and strain, su",,6.0
API,"Agora, Inc.",Technology,Software - Application,344963104.0,Revenue,-0.042468029902557936,1/3,"(-12,-6,+6)",0.2034153333005584,,-0.24588336320311632,0.18218,"Agora, Inc., through its subsidiaries, engages in the operation of a real-time engagement platform-as-a-service in the United States, the People's Republic of China, and internationally. Its RTE-PaaS platform enables real-time engagement for concurrent end users which offers real-time engagement offerings, such as video calling, voice calling, live streaming, chat, signaling, conversational AI engine, and convo AI device kit. The company also provides extensions, including analytics, media services, Interactive whiteboard, Real-time speech-to-text, and Real-time translation. It operates under ",,4.08
EVI,"EVI Industries, Inc.",Industrials,Industrial Distribution,246237536.0,EPS,-0.04680384796105619,2/5,"(-52,+131,-45,+32,-2)",0.20065883857331301,,-0.2474626865343692,0.42019,"EVI Industries, Inc., through its subsidiaries, engages in the distribution, sale, rental, and lease of commercial and industrial laundry and dry-cleaning equipment. It sells and/or leases commercial laundry equipment, specializing in washing, drying, finishing, material handling, water heating, power generation, and water reuse applications. The company offers washroom, finishing, material handling, and mechanical equipment, such as washers and dryers, tunnel systems, and vended machines; finishing equipment, such as sheet feeders, flatwork ironers, automatic sheet folders, and stackers; and ",,19.12
BGR,BlackRock Energy and Resources ,Financial Services,Asset Management,450828768.0,EPS,-0.267495419741145,1/3,"(-83,-30,+229)",-0.01859002115360553,,-0.24890539858753946,0.001,"BlackRock Energy and Resources Trust is a closed-ended equity mutual fund launched by BlackRock, Inc. The fund is co-managed by BlackRock Advisors, LLC and BlackRock International Limited. It invests in public equity markets across the globe, with an emphasis on the United States. The fund seeks to invest in stocks of companies operating in the energy and natural resources sectors. It invests in stocks of companies across all market capitalizations. The fund also invests through equity derivatives, with an emphasis on option writing. It was formerly known as BlackRock Global Energy and Resourc",,17.71
ALLT,Allot Ltd.,Technology,Software - Infrastructure,413652992.0,Revenue,-0.05984753847481106,1/3,"(-24,-1,+11)",0.19567083175550204,,-0.2555183702303131,0.057980000000000004,"Allot Ltd., together with its subsidiaries, develops, sells, and markets network intelligence and security solutions in Israel, Europe, Asia, Oceania, the Americas, the Middle East, and Africa. The company's Allot Secure Management platform, which provides end-to-end security management infrastructure that comprises Allot NetworkSecure, Allot HomeSecure, Allot DNSecure, Allot IoTSecure, Allot EndpointSecure, and Allot BusinessSecure, as well as Allot Secure Cloud and Allot Network Protection as a Service. It also provides DDoS Secure, a solution that provides attack detection and mitigation se",,8.39
NPKI,NPK International Inc.,Industrials,Building Products & Equipment,962878208.0,Revenue,-0.10873644762972556,4/5,"(+25,-69,+8,+5,+27)",0.14686378370127318,,-0.25560023133099874,0.05168999999999999,"NPK International Inc., a temporary worksite access solutions company, manufactures, sells, and rents recyclable composite matting products in the United States and the United Kingdom. The company engages in the installation and rental of matting systems, and related site construction and services to customers in various markets, including power transmission, oil and natural gas exploration and production, pipeline, renewable energy, petrochemical, construction, and other industries. It also offers recyclable composite mats to customers worldwide; and access road construction, site planning an",,11.34
OFLX,"Omega Flex, Inc.",Industrials,Specialty Industrial Machinery,265682544.0,EPS,-0.13286643604263337,0/4,"(-10,-12,-14,-17)",0.13596862766969497,,-0.26883506371232835,0.055490000000000005,"Omega Flex, Inc. manufactures and sells flexible metal hoses, fittings, and accessories in the United States, Canada, and internationally. It offers flexible gas piping for use in residential and commercial buildings; fittings; containment pining; and corrugated copper tubing for use in hospitals, ambulatory care centers, dental, physician and veterinary clinics, laboratories, and other facilities. The company sells its products under the TracPipe CSST, CounterStrike CSST, AutoFlare, DoubleTrac, DEF-Trac, and MediTrac brand names. It serves various markets, including construction, manufacturin",,26.32
MAMA,"Mama's Creations, Inc.",Consumer Defensive,Packaged Foods,638848192.0,EPS,0.01613736474159566,2/4,"(-108,?,+183,-47,+44)",0.2906147158488903,,-0.27447735110729465,0.07715,"Mama's Creations, Inc., together with its subsidiaries, manufactures and markets fresh deli-prepared foods in the United States. The company offers chicken, beef and turkey meatballs, meat loaf, sausage-related products, and pasta and rice entrees; olives, olive mixes, and savory products; and hot bars, salad bars, prepared foods, sandwich, and cold deli and foods-to-go sections. It sells its products directly to supermarkets, club chains, mass-market retailers; and food retailer and distributors, as well as through website and social media channels. The company was formerly known as MamaManci",,13.55
KE,"Kimball Electronics, Inc.",Industrials,Electrical Equipment & Parts,688090432.0,EPS,-0.12790040454908103,2/5,"(-45,+79,-64,-16,+66)",0.15005509332916978,,-0.2779554978782508,0.22742,"Kimball Electronics, Inc. provides electronics, assemblies, and contract manufacturing organization solutions. The company offers electronics manufacturing services, including engineering and supply chain support to customers in the automotive, medical, and industrial end markets, as well as contract manufacturing organization solutions comprising the production of medical disposables and drug delivery services, such as precision molded plastics, cold chain management, and drug integration. It also engages in the production and testing of printed circuit board assemblies; assembly of medical, ",,28.68
BBSI,"Barrett Business Services, Inc.",Industrials,Staffing & Employment Services,768739904.0,EPS,-0.13876878367532042,4/5,"(+14,+31,-72,+7,+5)",0.14243080607813075,,-0.28119958975345116,0.12021000000000001,"Barrett Business Services, Inc. provides business management solutions for small and mid-sized companies in the United States. It develops a management platform that integrates a knowledge-based approach from the management consulting industry with tools from the human resource outsourcing industry. The company also offers professional employer services under which it enters into a client services agreement to establish a co-employment relationship with each client company, assuming responsibility for payroll, payroll taxes, workers compensation coverage, and other administration functions for",,31.72
FWDI,"Forward Industries, Inc.",Consumer Cyclical,Footwear & Accessories,559955520.0,Revenue,-0.1200755088212827,1/5,"(+13,-2,-4,-46,-9)",0.16179941206289938,,-0.2818749208841821,0.24989999999999998,"Forward Industries, Inc. operates as a Solana (SOL) focused digital asset treasury company. The company operates through Digital Assets and Design segments. The Digital Assets segment captures SOL-based yield generated by participating in the Solana network's staking protocol. The Design segment offers hardware and software product design and engineering services to customers located in the United States. The company was incorporated in 1961 and is based in Austin, Texas.",,7.34
LPTH,"LightPath Technologies, Inc.",Technology,Electronic Components,680752448.0,Revenue,0.012466498602273335,2/5,"(+10,-8,-7,-4,+17)",0.2958872316063532,,-0.2834207330040799,0.069,"LightPath Technologies, Inc. designs, develops, manufactures, and distributes optical systems and assemblies in the United States, the United Kingdom, Israel, China, Rest of Europe, Rest of Asia and internationally. It offers optical components, assemblies and sub-systems, including precision molded glass aspheric optics, thermal imaging assemblies, molded and diamond-turned infrared aspheric lenses, spherical lenses, and other optical components used in products that manipulate light; and infrared products, including catalog and custom infrared optics. The company also offers cooled and uncoo",,9.72
FSI,Flexible Solutions Internationa,Basic Materials,Specialty Chemicals,77285712.0,EPS,-0.1674467925981269,3/5,"(+87,+100,-61,+9,-75)",0.11820276790965822,,-0.2856495605077851,0.24702000000000002,"Flexible Solutions International, Inc., together with its subsidiaries, develops, manufactures, and markets specialty chemicals that slow the evaporation of water in Canada, the United States, and internationally. The company operates in two segments, Energy and Water Conservation Products, and Biodegradable Polymers. It offers thermal polyaspartates (TPAs) for oilfields to reduce scale and corrosion in various water systems; and for the agricultural industry to reduce fertilizer crystallization before, during, and after application, as well as to prevent crystal formation between fertilizer a",,6.05
VMD,"Viemed Healthcare, Inc.",Healthcare,Medical Devices,362599936.0,EPS,-0.13856715974541023,3/5,"(-72,-27,+56,+12,+32)",0.15457157751254624,,-0.29313873725795647,0.07947,"Viemed Healthcare, Inc., through its subsidiaries, provides home medical equipment (HME) and post-acute respiratory healthcare services in the United States. The company provides respiratory disease management solutions, including treatment of chronic obstructive pulmonary disease (COPD), which include non-invasive ventilation, percussion vests, and other therapies; and invasive and non-invasive ventilation and related equipment and supplies to patients suffering from COPD. It also sells and rents HME devices, such as non-invasive and invasive ventilators, positive airway pressure (PAP) machin",,9.52
NTGR,"NETGEAR, Inc.",Technology,Communication Equipment,641424896.0,Revenue,-0.11032816323647354,1/5,"(-7,-20,-21,-9,+4)",0.21207273459578824,,-0.3224008978322618,0.10037000000000001,"NETGEAR, Inc. provides networking technologies for businesses, homes, and service providers in the Americas, Europe, the Middle East, Africa, and the Asia Pacific. The company operates in two segments, Enterprise and Consumer. It offers Wi-Fi routers and home Wi-Fi mesh systems, Wi-Fi hotspots, broadband modems, Wi-Fi gateways, Wi-Fi range extenders, powerline adapters, and Wi-Fi network adapters; and provides value-added service offerings, including security and privacy, technical support, and parental controls. The company also provides pro AV Solutions, which includes Ethernet switches and ",,23.6
ACNT,Ascent Industries Co.,Basic Materials,Specialty Chemicals,122078088.0,Revenue,-0.21783736951788824,1/5,"(+31,-22,-26,-58,-7)",0.1065475666579887,,-0.32438493617587694,0.17376999999999998,"Ascent Industries Co. engages in the development, production, and distribution of specialty chemical solutions. It offers surfactants, defoamers, lubricating agents, flame retardants, and specialty intermediates in petroleum-based and bio-based formulations. The company also provides custom manufacturing services, including product development, process optimization, scale-up, and commercial production. It serves the oil and gas; household, industrial and institutional; personal care; coatings, adhesives, sealants and elastomers; pulp and paper; textile; automotive; agricultural; water treatmen",,13.55
WIA,Western Asset Inflation-Linked ,Financial Services,Asset Management,177249136.0,EPS,-0.2538660480408512,0/1,"(-278,?,?)",0.08162600639179551,,-0.33549205443264674,0.34436,"Western Asset/Claymore Inflation-Linked Securities & Income Fund is a closed-ended fixed income mutual fund launched by Guggenheim Partners, LLC. The fund is co-managed by Western Asset Management Company, Western Asset Management Company Limited, Western Asset Management Company Ltd., and Western Asset Management Company Pte. Ltd. It invests in fixed income markets across the globe. The fund primarily invests in investment-grade, inflation-linked securities such as U.S. TIPS, corporate bonds, and mortgage backed securities. It seeks to maintain an average portfolio duration of between zero to",,7.6
CMDB,Costamare Bulkers Holdings Limi,Industrials,Marine Shipping,505470976.0,Revenue,0.23576540068150487,1/2,"(+110,-100,?)",0.5803374495078368,,-0.34457204882633197,0.25222,"Costamare Bulkers Holdings Limited engages in the ownership and operation of dry bulk vessels worldwide. As of 16 March 2026, it owns 31 dry bulk vessels. The company was incorporated in 2023 and is based in Monaco.",,20.8
INFU,"InfuSystems Holdings, Inc.",Healthcare,Medical Devices,270076960.0,EPS,-0.17271654025182326,2/4,"(-92,-100,?,+175,+182)",0.1822878663808445,,-0.35500440663266775,0.41475,"InfuSystem Holdings, Inc., through its subsidiaries, provides infusion pumps and related products and services in the United States and Canada. It operates through two segments: Patient Services and Device Solutions. The company supplies electronic ambulatory infusion pumps and associated disposable supply kits to oncology, infusion, and hospital outpatient chemotherapy clinics for the treatment of various cancers, including colorectal cancer, pain management, and other disease states. It also sells and rents new and pre-owned pole-mounted and ambulatory infusion pumps, and other durable medic",,13.56
LXFR,Luxfer Holdings PLC,Industrials,Specialty Industrial Machinery,465362816.0,EPS,-0.17212435391879333,1/4,"(+49,-8,-107,?,-59)",0.20974472704741487,,-0.3818690809662082,0.31163,"Luxfer Holdings PLC, together with its subsidiaries, develops and manufactures high-performance materials, components, and high-pressure gas containment devices. The company operates through two segments: Gas Cylinders and Elektron. The Gas Cylinders segment manufactures and markets specialized highly engineered containment solutions using aluminum alloys and carbon composite technologies. It offers carbon composite high-pressure, aerospace and aviation, space-related, aluminum and composite medical gas, and specialty aluminum cylinders used for emergency response, healthcare, alternative fuel",,17.24
APT,"Alpha Pro Tech, Ltd.",Industrials,Building Products & Equipment,59604316.0,EPS,-0.2968588058061824,1/5,"(-74,-48,+35,+0,-6)",0.09364159693386798,,-0.3905004027400504,0.11739000000000001,"Alpha Pro Tech, Ltd., together with its subsidiaries, develops, manufactures, and markets a range of disposable protective apparel and infection control products in the United States and internationally. The company operates through two business segments, Building Supply and Disposable Protective Apparel. The Building Supply segment offers construction supply weatherization products, such as housewraps; housewrap accessories, including window and door flashing, and seam tapes; synthetic roof underlayment products; synthetic roof underlayment accessories comprising self-adhered roof underlaymen",,5.84
MCTA,Charming Medical Limited,Healthcare,Medical Care Facilities,445550176.0,Revenue,0.10837716580026746,2/3,"(+70,+3,-23)",0.5054158810694771,,-0.39703871526920964,0.17526,"Charming Medical Limited, through its subsidiaries, provides beauty and wellness services and products in Hong Kong. The company offers beauty, wellness, and postpartum services, including womb-warming therapy, agarwood moxibustion therapy, traditional chinese medicine (TCM) inspired prenatal massage, and indonesian traditional abdominal binding, as well as beauty, tailor-made, slim (BTS) pelvic detox therapy. It also provides TCM-inspired women's wellness services targeting women of different age groups through its wellness centers; non-hormonal induced lactation therapy, national moisturizin",,29.355
CXDO,"Crexendo, Inc.",Communication Services,Telecom Services,195532288.0,EPS,-0.1903964008349901,1/2,"(-126,?,?,?,+167)",0.2067565676600578,,-0.3971529684950479,0.07223,"Crexendo, Inc. provides cloud communication platform software and unified communications as a service in the United States and internationally. It operates through two segments, Cloud Telecommunications Services and Software Solutions. The company offers hardware, software, and unified internet protocol or cloud technology for businesses using user interfaces, such as a Crexendo branded and third party desktop phones and/or mobile and desktop applications; develop end user portals for account management, license management, billing and customer support, and adopt other cloud technologies; and ",,5.88
DHY,UBS Asset Management High Yield Credit Fund,Financial Services,Asset Management,224349376.0,EPS,-0.3000971952247983,0/2,"(-203,?,-45)",0.10424684648752836,,-0.40434404171232663,0.38375,"UBS Asset Management High Yield Credit Fund is a closed ended fixed income mutual fund launched and managed by Credit Suisse Asset Management, LLC. The fund invests in the fixed income markets of the United States. It invests in the securities of companies across diversified sectors. The fund primarily invests in below-investment-grade corporate bonds with an average credit quality lower than BBB by Standard & Poor's and an average duration of 5.07 years. It focuses factors like financial condition, cash flow and borrowing requirements, value of assets in relation to cost, strength of manageme",,16.24
CSHR,CoinShares PLC,Financial Services,Capital Markets,615413568.0,EPS,-0.4266903732911024,1/3,"(-88,+116,-29)",-0.012094990306582343,,-0.41459538298452003,0.38773,"CoinShares PLC engages in the creating financial products with digital assets and blockchain technology business in Jersey. It operates through three segments: Asset Management, Capital Markets, and Principal Investments. The company offers CoinShares Physical, CoinShares Valkyrie, CoinShares XBT, and The Blockchain Global Equity Index products. It also provides hedge fund solutions, indices, venture services, and capital markets services. CoinShares PLC was incorporated in 2008 and is headquartered in Saint Helier, Jersey.",,4.67
ELTK,Eltek Ltd.,Technology,Electronic Components,51597804.0,EPS,-0.39798656209120853,1/3,"(+96,-41,-81)",0.01888795732409876,,-0.4168745194153073,0.29116,"Eltek Ltd. engages in the manufacture, marketing, and sale of printed circuit boards (PCBs) in Israel, North America, India, the Netherlands, rest of Europe, and internationally. The company offers various custom designed PCBs, including complex rigid, double-sided and multi-layer PCBs, and flexible circuitry boards. It also provides high-density circuit boards; and flexible and flex rigid PCBs, and multi-layered boards, as well as act as a supplier for the importation of PCBs. In addition, the company provides training and consulting services. It primarily serves medical technology, defense a",,7.6773
TRC,Tejon Ranch Co,Industrials,Conglomerates,441800608.0,Revenue,-0.14454961746083528,1/3,"(-44,-6,+18)",0.2745477801233964,,-0.4190973975842317,0.19463999999999998,"Tejon Ranch Co., together with its subsidiaries, operates as a diversified real estate development and agribusiness company. It operates through six segments: Real Estate - Commercial/Industrial; Multifamily; Real Estate - Resort/Residential; Mineral Resources; Farming; And Ranch Operations. The Real Estate - Commercial/Industrial segment engages in the planning and permitting of land for development; construction of infrastructure and building, pre-leased buildings, and buildings to be leased or sold; sale of land to third parties for their own development; and activities related to communica",,16.35
FEIM,"Frequency Electronics, Inc.",Technology,Communication Equipment,846511104.0,Revenue,0.031084272747955888,2/5,"(-11,-16,+36,+26,-9)",0.4577243494004577,,-0.4266400766525018,0.0581,"Frequency Electronics, Inc., together with its subsidiaries, engages in the design, development, manufacture, marketing, and sale of precision time and frequency control products and components for microwave integrated circuit applications. The company operates through two segments, FEI-NY and FEI-Zyfer. The FEI-NY segment offers precision time and frequency control products for communication satellites, terrestrial cellular telephone or other ground-based telecommunication stations; and other components and systems for the U.S. military, as well as provides designing and technical support for",,75.09
SGC,"Superior Group of Companies, In",Consumer Cyclical,Apparel Manufacturing,208084880.0,EPS,-0.29546529424654244,1/4,"(-31,-211,?,+35,-37)",0.14268670019672913,,-0.4381519944432716,0.48229,"Superior Group of Companies, Inc. produces, manufactures, and sells promotional products and branded uniforms, and healthcare apparel and accessories in the United States and internationally. It operates through three segments: Branded Products, Healthcare Apparel, and Contact Centers. The Branded Products segment produces and sells customized merchandising solutions, promotional products, and branded uniform programs to retail, hotel, food service, entertainment, technology, transportation, and other industries under the BAMKO and HPI brands. The Healthcare Apparel segment manufactures and se",,13.05
PESI,Perma-Fix Environmental Service,Industrials,Waste Management,291964544.0,Revenue,-0.10168039582767863,2/5,"(-32,-2,+27,-34,+4)",0.36596273083904296,,-0.4676431266667216,0.08951,"Perma-Fix Environmental Services, Inc., through its subsidiaries, operates as an environmental and technology know-how company in the United States. The company operates in two segments, Treatment and Services. The Treatment segment offers nuclear, low-level radioactive, mixed waste, hazardous and non-hazardous waste treatment, and processing and disposal services through treatment and storage facilities. This segment is also involved in the research and development activities to identify, develop, and implement waste processing techniques for problematic waste streams. The Services segment pr",,13.76
JYNT,The Joint Corp.,Healthcare,Medical Care Facilities,99567800.0,EPS,-0.2673404442289239,0/3,"(-51,-82,-912,?,?)",0.22772843115755714,,-0.49506887538648103,0.12832000000000002,"The Joint Corp. operates and is a franchisor and operator of chiropractic clinics in the United States. The company provides services under the franchise agreement, including training of franchisees and staff, site selection, construction/vendor management and ongoing operations support. It operates through a network of franchised clinics, offering routine and affordable chiropractic adjustments using a private pay, non-insurance, cash-based model. The company was incorporated in 2010 and is headquartered in Scottsdale, Arizona.",,7.04
CPHC,Canterbury Park Holding Corpora,Consumer Cyclical,Resorts & Casinos,81379288.0,Revenue,0.04126976014657968,3/3,"(+9,+4,+0)",0.5379577211968207,,-0.49668796105024104,0.119,"Canterbury Park Holding Corporation, through its subsidiaries, engages in horse racing, casino, food and beverage, and real estate development businesses. The company operates year-round simulcasting of horse races, as well as wagering on live thoroughbred and quarter horse races on a seasonal basis. It offers unbanked card games, such as poker and table games. In addition, the company is involved in the operation of concession stands, restaurants and buffets, bars, and other food venues; café style restaurants and full-service bars within the Casino and simulcast area; lounge services along w",,15.7
DHX,"DHI Group, Inc.",Technology,Software - Application,220312384.0,Revenue,-0.11876589156925754,0/4,"(-8,-22,-8,-8)",0.37997167488851935,,-0.4987375664577769,0.43306,"DHI Group, Inc. provides data, insights, and employment connections through specialized services for technology professionals and other select online communities in the United States. The company operates through the Clearancejobs and Dice segments. Its solutions include talent profiles; job postings; employer branding; and other services, such as virtual and live career events, sourcing services, and content and data services that provide tailored content to help professionals manage their careers and provide employers insight into recruiting strategies and trends. The company also operates C",,5.1
AUDC,AudioCodes Ltd.,Technology,Communication Equipment,275100320.0,EPS,-0.29640313497446946,1/3,"(-69,+82,-39)",0.21163110062295165,,-0.5080342355974211,0.28376999999999997,"AudioCodes Ltd. provides voice communications solutions for enterprises, contact centers, and service providers in the United States, Europe, Eastern Asia, and Israel. The company offers voice networking infrastructure and devices; cloud-based platforms and management solutions; and Voice AI applications. It also provides AudioCodes Live Platform, a cloud-based service delivery platform that enables the provisioning, management, and operation of voice connectivity and AI-based communication services across communications and contact center environments; Meeting Insights, an enterprise solution",,11.39
BGY,Blackrock Enhanced Internationa,Financial Services,Asset Management,519220832.0,EPS,-0.4678632228523124,0/2,"(-185,?,-87)",0.04458762172313957,,-0.512450844575452,0.077,"BlackRock Enhanced International Dividend Trust is a closed ended equity mutual fund launched by BlackRock, Inc. The fund is co-managed by BlackRock Advisors, LLC and BlackRock International Limited. It invests in public equity markets across the globe excluding the United States. The fund seeks to invest in stocks of companies operating across diversified sectors. It invests in stocks of companies across all market capitalizations. The fund also invests through the use of derivatives, with an emphasis on options writing. It benchmarks the performance of its portfolio against the S&P Global ex",,5.73
KXIN,Kaixin Holdings,Consumer Cyclical,Auto & Truck Dealerships,61126048.0,Revenue,-0.8840911651950043,0/2,"(-62,-100,?)",-0.3514074027830709,,-0.5326837624119334,0.483,"Kaixin Holdings, an investment holding company, sells domestic and imported automobiles in the People's Republic of China. It also sells new and used vehicles through a network of dealerships with a focus on automobile brands, such as Audi, BMW, Mercedes-Benz, Land Rover, Bentley, Rolls-Royce, and Porsche, as well as through online sales channels, including the Kaixin app and web interfaces. The company was formerly known as Kaixin Auto Holdings. Kaixin Holdings is headquartered in Beijing, the People's Republic of China.",,1.35
SWBI,"Smith & Wesson Brands, Inc.",Industrials,Aerospace & Defense,626858688.0,EPS,-0.3820483559436523,2/5,"(-10,-80,+11,-66,+37)",0.1522339796407024,,-0.5342823355843547,0.19469,"Smith & Wesson Brands, Inc. engages in the design, manufacture, and sale of firearms worldwide. It offers handguns, including revolvers and pistols; long guns, such as modern sporting rifles, pistol caliber carbines, and lever-action rifles; handcuffs; suppressors; and other firearm-related products. It also provides manufacturing services comprising forging, heat treating, rapid prototyping, tooling, finishing, plating, machining, and custom plastic injection molding, assembly, and distribution services to other businesses; and sells parts purchased through third parties. The company sells it",,13.98
TRNS,"Transcat, Inc.",Industrials,Specialty Business Services,807096704.0,EPS,-0.11160209406041033,2/5,"(+46,-7,+16,-4,-64)",0.42627819753631546,,-0.5378802915967258,0.47293,"Transcat, Inc. provides calibration and laboratory instrument services in the United States, Canada, and internationally. The company operates through two segments: Service and Distribution. The Service segment offers calibration, repair, inspection, analytical qualification, preventative maintenance, consulting, and other related services. This segment also provides CalTrak, a proprietary document and asset management system that is used to manage the workflow of its calibration service centers and customers' assets; and Compliance, Control, and Cost, an online customer portal that provides i",,86.23
EVF,Eaton Vance Senior Income Trust,Financial Services,Asset Management,87762488.0,Revenue,-0.3400493527685309,1/3,"(+15,-34,-62)",0.2118991324696078,,-0.5519484852381387,0.31121,"Eaton Vance Senior Income Trust is a closed-ended fixed income mutual fund launched and managed by Eaton Vance Management. The fund invests in the fixed income markets of the United States. It seeks to invest in the securities of companies operating across the diversified sectors. The fund primarily invests in senior secured floating rate loans. It benchmarks the performance of its portfolio against the S&P/LSTA Leveraged Loan Index. Eaton Vance Senior Income Trust was formed on October 30, 1998 and is domiciled in the United States.",,4.83
VPG,"Vishay Precision Group, Inc.",Technology,Scientific & Technical Instruments,966051584.0,EPS,-0.12725658633455406,2/5,"(+87,+78,-29,-61,-46)",0.4277464360001735,,-0.5550030223347275,0.11802,"Vishay Precision Group, Inc. engages in the precision measurement and sensing technologies business in the United States, Europe, Israel, Asia, and Canada. It operates through three segments: Sensors, Weighing Solutions, and Measurement Systems. The company offers precision resistors, strain gages, load cells and force measurement transducers, vehicle weighing and over-load monitoring systems, and control process weighing products; rolling force measuring load cell systems and pressure transmitters; web tension measurement load cells and systems; optical strip width gages; and laser velocimete",,72.63
EIG,Employers Holdings Inc,Financial Services,Insurance - Specialty,887249024.0,EPS,-0.35017941471983693,3/5,"(+5,-58,+154,+6,-90)",0.2598828128034043,,-0.6100622275232412,0.14974,"Employers Holdings, Inc., through its subsidiaries, provides workers' compensation insurance and services in the United States. The company offers insurance to small businesses in low to medium hazard industries. It market its products through local, regional, specialty and national insurance agents and brokers; national, regional, and local trade groups and associations; and direct-to-customer interactions. Employers Holdings, Inc. was founded in 2000 and is based in Reno, Nevada.",,49.4
SND,"Smart Sand, Inc.",Energy,Oil & Gas Equipment & Services,223867040.0,EPS,-0.497890220392047,0/3,"(-229,?,?,-33,-62)",0.12585104310752793,,-0.6237412634995749,0.18213000000000001,"Smart Sand, Inc., a fully integrated frac and industrial sand supply and services company, provides mine to wellsite proppant supply and logistics solutions to its frac sand customers in the United States and Canada. The company operates in two segments, Sand and SmartSystems. The Sand segment offers frac sand and industrial products solutions. The SmartSystems segment rents its patented SmartSystems equipment and offers related services, as well as provides portable wellsite storage and management solutions. The company engages in the excavation, processing, and sale of sand or proppant for u",,5.28
HNRG,Hallador Energy Company,Utilities,Utilities - Independent Power Producers,656235520.0,Revenue,-0.05989816485613064,2/3,"(+8,-24,+1)",0.5809240951006589,,-0.6408222599567895,0.25066,"Hallador Energy Company, through its subsidiaries, operates as an independent power producer and fuel company in the United States. It operates in two segments, Electric Operations and Coal Operations. The company owns and operates the Meron power plant, a 1,080 megawatts coal-fired power generating station that consists of two steam turbine generators and sells accredited capacity to utilities and other energy market participants. It also sells wholesale energy to utilities, generation and transmission cooperatives, and other energy market participants. In addition, the company operates the O",,13.92
ASLE,AerSale Corporation,Industrials,Airports & Air Services,242451952.0,EPS,-0.5243082566848809,2/4,"(-90,+9,-118,?,+64)",0.11967923558942095,,-0.6439874922743019,0.42479999999999996,"AerSale Corporation provides aftermarket commercial aircraft, engines, and its parts to passenger and cargo airlines, leasing companies, original equipment manufacturers, government and defense contractors, and maintenance, repair, and overhaul service providers worldwide. It operates in two segments, Asset Management Solutions and Technical Operations (TechOps). The Asset Management Solutions segment engages in the sale and lease of aircraft, engines, and airframes, as well as disassembly of these assets for component parts. The TechOps segment provides internal and third-party aviation servi",,5.08
SILC,Silicom Ltd,Technology,Communication Equipment,338649216.0,Revenue,-0.256353298741709,1/3,"(-18,-53,+7)",0.4296657992491235,,-0.6860190979908325,0.05608,"Silicom Ltd. designs, manufactures, markets, and supports networking and data infrastructure solutions in the United States, North America, Israel, Europe, and the Asia Pacific. It provides server network interface cards; and smart card products, including encryption, data compression, other hardware acceleration and offloading cards, and field programmable gate-array based cards. The company also provides smart platforms, such as virtualized customer-premises equipment and universal customer-premises equipment; and edge devices for SD-WAN, SASE, telco dedicated routers, and NFV. In addition, ",,58.92
PSEC,Prospect Capital Corporation,Financial Services,Asset Management,918164992.0,EPS,-0.5257118780441377,0/3,"(-46,-132,?,-497,?)",0.16350053498718942,,-0.6892124130313271,0.41317,"Prospect Capital Corporation is a Private Equity, Private Debt and business development company. It specializes in middle market, lower-middle market, mature, mezzanine finance, later stage, emerging growth, leveraged buyouts, refinancing, acquisitions, recapitalizations, turnaround, growth capital, development, capital expenditures and subordinated debt tranches of collateralized loan obligations, cash flow term loans, market place lending and bridge transactions. It also makes real estate investments particularly in multi-family residential real estate asset class. The fund makes secured deb",,1.72
PHAR,Pharming Group N.V.,Healthcare,Biotechnology,692917888.0,EPS,-0.4246304173352119,0/1,"(-171,?,?)",0.2761652820667193,,-0.7007956994019312,0.41885,"Pharming Group N.V., a biopharmaceutical company, develops and commercializes protein replacement therapies and precision medicines for the treatment of rare diseases in the United States, Europe, and internationally. The company's lead product is RUCONEST, a recombinant C1 esterase inhibitor for the treatment of acute attacks in adult and adolescent patients with acute hereditary angioedema (HAE); and Joenja (leniolisib), an oral small molecule PI3K? inhibitor for the treatment of activated phosphoinositide 3-kinase delta syndrome. It also develops Joenja, an oral small molecule PI3K? inhibit",,9.79
DSP,Viant Technology Inc.,Technology,Software - Application,873457728.0,EPS,-0.5550424691351848,1/2,"(-103,?,?,?,+157)",0.19058139673513974,,-0.7456238658703246,0.06944,"Viant Technology Inc. operates a cloud-based demand side platform (DSP) that enables the programmatic purchase of digital advertising across multiple channels, including connected TV (CTV), streaming audio, digital out-of-home, mobile, and desktop. It provides ViantAI, an artificial intelligence product suite; Holistic, Omnichannel DSP, an integrated platform that manages omnichannel campaigns and access metrics; Household ID, which combines digital and personal identifiers into a normalized household profile; IRIS_ID, a content identifier that allows partners to share video-level data to powe",,13.13
HLP,Hongli Group Inc.,Basic Materials,Steel,189836432.0,EPS,-0.5165298201004581,0/3,"(-8,-71,-57)",0.29058424917420433,,-0.8071140692746624,0.19911,"Hongli Group Inc., together with its subsidiaries, manufactures and sells customized steel profiles in the People's Republic of China and internationally. It provides cold roll formed steel profile products in various forms and shapes, such as angles, bows, beams, brackets, channels, cross-members, flanges, hats, panels, plates, posts, rails, stakes, and tracks. The company serves mining and excavation, construction, agriculture, and transportation industries. Hongli Group Inc. was incorporated in 2021 and is headquartered in Weifang, the People's Republic of China. Hongli Group Inc. operates ",,2.54
OBE,Obsidian Energy Ltd.,Energy,Oil & Gas E&P,741988288.0,EPS,-0.6276616723127497,0/2,"(-87,-301,?)",0.19242294095157053,,-0.8200846132643203,0.26766,"Obsidian Energy Ltd. engages in the exploration, development, and production of oil and natural gas in Western Canada. Its portfolio of properties includes unitized and non-unitized light oil, heavy oil, and natural gas production. The company was formerly known as Penn West Petroleum Ltd. and changed its name to Obsidian Energy Ltd. in June 2017. Obsidian Energy Ltd. is headquartered in Calgary, Canada.",,11.12
AVNW,"Aviat Networks, Inc.",Technology,Communication Equipment,267073776.0,EPS,-0.5419208343688969,1/5,"(-81,-46,-11,-88,+90)",0.3226288384904079,,-0.8645496728593048,0.37093000000000004,"Aviat Networks, Inc. provides microwave networking and wireless access networking solutions in North America, Africa, the Middle East, Europe, Latin America, and the Asia Pacific. The company provides outdoor, indoor, and split-mount radios; microwave routers, and trunking; private LTE/5G, access and network management products; narrow band multi-point radios, designed, and optimised for SCADA and telemetry applications; and hosted software products, such as aviat design, frequency assurance, aviatcloud, and health assurance software. It also offers project services, which include design and e",,20.77
MBUU,"Malibu Boats, Inc.",Consumer Cyclical,Recreational Vehicles,425827968.0,EPS,-0.5562399885113121,1/4,"(+44,-33,-154,?,-88)",0.4268030548493431,,-0.9830430433606552,0.33448999999999995,"Malibu Boats, Inc. designs, manufactures, markets, and sells various recreational powerboats. The company operates through four segments: Malibu, Saltwater Fishing, Cobalt, and Saxdor. It provides performance sport boats, and sterndrive, and outboard boats as well as adventure dayboats under the Malibu, Axis, Pursuit, Maverick, Cobia, Pathfinder, Hewes, Saxdor, and Cobalt brand names. The company's products are used for various recreational boating activities, including water sports, such as wakeboarding, water skiing, and wake surfing; and general recreational boating and fishing. It sells it",,21.64
CURI,CuriosityStream Inc.,Communication Services,Broadcasting,166146480.0,Revenue,-0.02805077963459235,1/3,"(-27,-10,+40)",inf,,-inf,0.08871000000000001,"CuriosityStream Inc., a media and entertainment company, provides factual content through multiple channels. The company provides video and audio programming services in various categories of factual entertainment, including science, history, society, nature, lifestyle, and technology through direct subscription video on-demand (SVoD) platforms accessible by internet connected devices, or indirectly through distribution partners who deliver CuriosityStream content via distributor's platform or system, as well as through bundled content licenses for SVoD and linear offerings, talks and courses,",,2.8
FRPH,"FRP Holdings, Inc.",Real Estate,Real Estate Services,384733952.0,EPS,-0.32866434288682234,3/5,"(+127,-92,+17,+21,-47)",inf,,-inf,0.47186999999999996,"FRP Holdings, Inc. engages in the real estate business in the United States. The company operates through four segments: Industrial and Commercial, Mining Royalty Lands, Development, and Multifamily. Its Industrial and Commercial segment owns, leases, and manages commercial properties. The Mining Royalty Lands segment owns, leases, and manages mining royalties in Florida, Georgia, and Virginia. Its Development segment owns and assesses the use of parcels of land that are in various stages of development; and constructs new buildings own and operate. The Multifamily segment owns, leases, and ma",,20.04
GROY,Gold Royalty Corp.,Basic Materials,Gold,713576576.0,Revenue,0.5818136986990399,2/3,"(-23,+231,+55)",inf,,-inf,0.021,"Gold Royalty Corp., a precious metals-focused royalty company, provides financing solutions to the metals and mining industry in the United States, Bosnia and Herzegovina, Canada, Brazil, and Mexico. It focuses on acquiring royalties, streams, or similar interests at varying stages of the mine life cycle to build a portfolio offering near, medium, and longer-term returns for its investors. The company was incorporated in 2020 and is headquartered in Vancouver, Canada.",,3.08
OGG,Osisko Gold Group Inc.,Basic Materials,Gold,865521024.0,Revenue,-0.1787241744476088,1/3,"(-51,-86,+678)",inf,,-inf,0.48829999999999996,"Osisko Gold Group Inc., together with its subsidiaries, acquires, explores, and develops precious metals resource properties in Canada, Mexico, and the United States. The company explores for precious and base metal, gold, silver, lithium, copper, lead, and zinc deposits. Its flagship asset is the 100% owned Cariboo Gold Project, which covers an area of approximately 192,000 hectares consisting of 443 mineral and placer titles located in British Columbia, Canada. The company also holds a portfolio of marketable securities. Osisko Gold Group Inc. was formerly known as Osisko Development Corp. a",,2.83
PFN,PIMCO Income Strategy Fund II,Financial Services,Asset Management,617618752.0,Revenue,0.278700171383522,2/3,"(+150,+16,-28)",inf,,-inf,0.40210999999999997,PIMCO Income Strategy Fund II is a closed-ended fixed income mutual fund launched and managed by Allianz Global Investors Fund Management LLC. It is co-managed by Pacific Investment Management Company LLC. The fund invests in the fixed income markets of the United States. It invests in securities of companies operating across the diversified sectors. The fund invests in floating-rate debt instruments primarily high-yield senior floating-rate loans.  It employs fundamental analysis with top-down approach to create its portfolio. The fund conducts an in-house research to make its investments. It,,6.25
TRT,Trio-Tech International,Technology,Semiconductor Equipment & Materials,58881240.0,Revenue,-0.04198672896776634,1/4,"(+10,-7,-12,-6)",inf,,-inf,0.13739,"Trio-Tech International, together with its subsidiaries, offers manufacturing, testing, and distribution services to the semiconductor industry in the United States, Singapore, Malaysia, Thailand, and China. It operates through two segments, Semiconductor Back-end Solutions and Industrial Electronics. The company develops and manufactures test equipment used in front-end and back-end manufacturing processes of semiconductors. It also offers equipment, which includes leak detectors, autoclaves, centrifuges, burn-in systems and boards, HAST testers, temperature-controlled chucks, and others; and",,5.67
